sample_id,noise_category,scenario,system_config,delta_snr_db,si_sdr_db,stoi,pesq,nlms_better_than_ai_only
SPK_001__tank_engine_t90__+5dB,STATIONARY,MATCHED_REFERENCE,AI_ONLY,-0.74,4.5,0.871,1.03,True
SPK_001__tank_engine_t90__+5dB,STATIONARY,MATCHED_REFERENCE,HYBRID_PROTECTED,-0.19,8.98,0.898,1.04,True
SPK_001__tank_engine_t90__+5dB,STATIONARY,MATCHED_REFERENCE,NLMS_ONLY,4.96,10.03,0.899,1.04,True
SPK_001__tank_engine_t90__+5dB,STATIONARY,SPEECH_LEAKAGE,AI_ONLY,-0.74,4.5,0.871,1.03,True
SPK_001__tank_engine_t90__+5dB,STATIONARY,SPEECH_LEAKAGE,HYBRID_PROTECTED,-1.49,6.52,0.904,1.03,True
SPK_001__tank_engine_t90__+5dB,STATIONARY,SPEECH_LEAKAGE,NLMS_ONLY,2.75,7.13,0.904,1.04,True
SPK_001__tank_engine_t90__+5dB,STATIONARY,IMPULSIVE_SPIKE,AI_ONLY,-3.26,-0.43,0.774,1.03,True
SPK_001__tank_engine_t90__+5dB,STATIONARY,IMPULSIVE_SPIKE,HYBRID_PROTECTED,-0.6,5.37,0.832,1.04,True
SPK_001__tank_engine_t90__+5dB,STATIONARY,IMPULSIVE_SPIKE,NLMS_ONLY,-5.52,-0.46,0.799,1.04,True
SPK_001__diesel_idle_apc__+10dB,STATIONARY,MATCHED_REFERENCE,AI_ONLY,-5.19,9.12,0.91,1.05,True
SPK_001__diesel_idle_apc__+10dB,STATIONARY,MATCHED_REFERENCE,HYBRID_PROTECTED,-4.99,13.48,0.939,1.08,True
SPK_001__diesel_idle_apc__+10dB,STATIONARY,MATCHED_REFERENCE,NLMS_ONLY,4.97,15.0,0.94,1.09,True
SPK_001__diesel_idle_apc__+10dB,STATIONARY,SPEECH_LEAKAGE,AI_ONLY,-5.19,9.12,0.91,1.05,True
SPK_001__diesel_idle_apc__+10dB,STATIONARY,SPEECH_LEAKAGE,HYBRID_PROTECTED,-6.65,8.84,0.945,1.05,True
SPK_001__diesel_idle_apc__+10dB,STATIONARY,SPEECH_LEAKAGE,NLMS_ONLY,-1.45,9.43,0.945,1.05,True
SPK_001__diesel_idle_apc__+10dB,STATIONARY,IMPULSIVE_SPIKE,AI_ONLY,-8.22,0.47,0.806,1.05,True
SPK_001__diesel_idle_apc__+10dB,STATIONARY,IMPULSIVE_SPIKE,HYBRID_PROTECTED,-5.33,7.7,0.861,1.07,True
SPK_001__diesel_idle_apc__+10dB,STATIONARY,IMPULSIVE_SPIKE,NLMS_ONLY,-10.37,-0.35,0.823,1.06,True
SPK_001__generator_hum_50hz__+15dB,STATIONARY,MATCHED_REFERENCE,AI_ONLY,-9.99,13.57,0.942,1.16,True
SPK_001__generator_hum_50hz__+15dB,STATIONARY,MATCHED_REFERENCE,HYBRID_PROTECTED,-9.93,17.36,0.964,1.23,True
SPK_001__generator_hum_50hz__+15dB,STATIONARY,MATCHED_REFERENCE,NLMS_ONLY,4.92,19.94,0.965,1.27,True
SPK_001__generator_hum_50hz__+15dB,STATIONARY,SPEECH_LEAKAGE,AI_ONLY,-9.99,13.57,0.942,1.16,True
SPK_001__generator_hum_50hz__+15dB,STATIONARY,SPEECH_LEAKAGE,HYBRID_PROTECTED,-11.9,9.5,0.97,1.15,True
SPK_001__generator_hum_50hz__+15dB,STATIONARY,SPEECH_LEAKAGE,NLMS_ONLY,-7.02,9.97,0.97,1.16,True
SPK_001__generator_hum_50hz__+15dB,STATIONARY,IMPULSIVE_SPIKE,AI_ONLY,-13.22,0.8,0.834,1.11,True
SPK_001__generator_hum_50hz__+15dB,STATIONARY,IMPULSIVE_SPIKE,HYBRID_PROTECTED,-10.12,10.57,0.884,1.18,True
SPK_001__generator_hum_50hz__+15dB,STATIONARY,IMPULSIVE_SPIKE,NLMS_ONLY,-15.19,-0.18,0.841,1.1,True
SPK_001__helicopter_rotor_dhruv__+5dB,PERIODIC_ROTOR,MATCHED_REFERENCE,AI_ONLY,-0.78,4.41,0.886,1.07,True
SPK_001__helicopter_rotor_dhruv__+5dB,PERIODIC_ROTOR,MATCHED_REFERENCE,HYBRID_PROTECTED,-0.01,12.47,0.918,1.11,True
SPK_001__helicopter_rotor_dhruv__+5dB,PERIODIC_ROTOR,MATCHED_REFERENCE,NLMS_ONLY,8.78,13.83,0.92,1.12,True
SPK_001__helicopter_rotor_dhruv__+5dB,PERIODIC_ROTOR,SPEECH_LEAKAGE,AI_ONLY,-0.78,4.41,0.886,1.07,True
SPK_001__helicopter_rotor_dhruv__+5dB,PERIODIC_ROTOR,SPEECH_LEAKAGE,HYBRID_PROTECTED,-1.52,8.67,0.918,1.07,True
SPK_001__helicopter_rotor_dhruv__+5dB,PERIODIC_ROTOR,SPEECH_LEAKAGE,NLMS_ONLY,3.8,9.3,0.918,1.08,True
SPK_001__helicopter_rotor_dhruv__+5dB,PERIODIC_ROTOR,IMPULSIVE_SPIKE,AI_ONLY,-3.27,-0.47,0.789,1.06,True
SPK_001__helicopter_rotor_dhruv__+5dB,PERIODIC_ROTOR,IMPULSIVE_SPIKE,HYBRID_PROTECTED,-0.2,9.06,0.87,1.11,True
SPK_001__helicopter_rotor_dhruv__+5dB,PERIODIC_ROTOR,IMPULSIVE_SPIKE,NLMS_ONLY,-5.44,-0.4,0.824,1.07,True
SPK_001__propeller_rotor_an32__+0dB,PERIODIC_ROTOR,MATCHED_REFERENCE,AI_ONLY,2.88,-0.21,0.848,1.03,True
SPK_001__propeller_rotor_an32__+0dB,PERIODIC_ROTOR,MATCHED_REFERENCE,HYBRID_PROTECTED,4.73,7.93,0.878,1.04,True
SPK_001__propeller_rotor_an32__+0dB,PERIODIC_ROTOR,MATCHED_REFERENCE,NLMS_ONLY,8.79,8.86,0.88,1.04,True
SPK_001__propeller_rotor_an32__+0dB,PERIODIC_ROTOR,SPEECH_LEAKAGE,AI_ONLY,2.88,-0.21,0.848,1.03,True
SPK_001__propeller_rotor_an32__+0dB,PERIODIC_ROTOR,SPEECH_LEAKAGE,HYBRID_PROTECTED,3.57,5.97,0.875,1.04,True
SPK_001__propeller_rotor_an32__+0dB,PERIODIC_ROTOR,SPEECH_LEAKAGE,NLMS_ONLY,7.39,6.54,0.876,1.04,True
SPK_001__propeller_rotor_an32__+0dB,PERIODIC_ROTOR,IMPULSIVE_SPIKE,AI_ONLY,1.58,-2.44,0.757,1.03,True
SPK_001__propeller_rotor_an32__+0dB,PERIODIC_ROTOR,IMPULSIVE_SPIKE,HYBRID_PROTECTED,4.61,6.82,0.835,1.04,True
SPK_001__propeller_rotor_an32__+0dB,PERIODIC_ROTOR,IMPULSIVE_SPIKE,NLMS_ONLY,-0.71,-0.64,0.789,1.04,True
SPK_001__vehicle_acceleration_track__-5dB,NON_STATIONARY,MATCHED_REFERENCE,AI_ONLY,5.67,-4.32,0.781,1.02,True
SPK_001__vehicle_acceleration_track__-5dB,NON_STATIONARY,MATCHED_REFERENCE,HYBRID_PROTECTED,8.29,0.82,0.796,1.02,True
SPK_001__vehicle_acceleration_track__-5dB,NON_STATIONARY,MATCHED_REFERENCE,NLMS_ONLY,6.35,1.56,0.797,1.02,True
SPK_001__vehicle_acceleration_track__-5dB,NON_STATIONARY,SPEECH_LEAKAGE,AI_ONLY,5.67,-4.32,0.781,1.02,True
SPK_001__vehicle_acceleration_track__-5dB,NON_STATIONARY,SPEECH_LEAKAGE,HYBRID_PROTECTED,7.7,-0.25,0.802,1.02,True
SPK_001__vehicle_acceleration_track__-5dB,NON_STATIONARY,SPEECH_LEAKAGE,NLMS_ONLY,6.68,0.27,0.802,1.02,True
SPK_001__vehicle_acceleration_track__-5dB,NON_STATIONARY,IMPULSIVE_SPIKE,AI_ONLY,6.14,-5.21,0.711,1.02,True
SPK_001__vehicle_acceleration_track__-5dB,NON_STATIONARY,IMPULSIVE_SPIKE,HYBRID_PROTECTED,8.2,0.57,0.762,1.02,True
SPK_001__vehicle_acceleration_track__-5dB,NON_STATIONARY,IMPULSIVE_SPIKE,NLMS_ONLY,3.82,-0.97,0.722,1.03,True
SPK_001__tactical_siren_sweep__+15dB,NON_STATIONARY,MATCHED_REFERENCE,AI_ONLY,-10.0,13.58,0.958,1.41,True
SPK_001__tactical_siren_sweep__+15dB,NON_STATIONARY,MATCHED_REFERENCE,HYBRID_PROTECTED,-9.92,19.07,0.974,1.48,True
SPK_001__tactical_siren_sweep__+15dB,NON_STATIONARY,MATCHED_REFERENCE,NLMS_ONLY,8.62,23.63,0.98,1.62,True
SPK_001__tactical_siren_sweep__+15dB,NON_STATIONARY,SPEECH_LEAKAGE,AI_ONLY,-10.0,13.58,0.958,1.41,True
SPK_001__tactical_siren_sweep__+15dB,NON_STATIONARY,SPEECH_LEAKAGE,HYBRID_PROTECTED,-12.0,9.81,0.98,1.43,True
SPK_001__tactical_siren_sweep__+15dB,NON_STATIONARY,SPEECH_LEAKAGE,NLMS_ONLY,-7.26,10.26,0.98,1.45,True
SPK_001__tactical_siren_sweep__+15dB,NON_STATIONARY,IMPULSIVE_SPIKE,AI_ONLY,-13.22,0.79,0.85,1.19,True
SPK_001__tactical_siren_sweep__+15dB,NON_STATIONARY,IMPULSIVE_SPIKE,HYBRID_PROTECTED,-10.13,10.4,0.907,1.4,True
SPK_001__tactical_siren_sweep__+15dB,NON_STATIONARY,IMPULSIVE_SPIKE,NLMS_ONLY,-15.33,-0.32,0.863,1.18,True
SPK_001__tank_engine_heldout_rec__+0dB,STATIONARY,MATCHED_REFERENCE,AI_ONLY,2.95,-0.04,0.828,1.02,True
SPK_001__tank_engine_heldout_rec__+0dB,STATIONARY,MATCHED_REFERENCE,HYBRID_PROTECTED,3.96,4.14,0.853,1.03,True
SPK_001__tank_engine_heldout_rec__+0dB,STATIONARY,MATCHED_REFERENCE,NLMS_ONLY,5.35,4.87,0.854,1.03,True
SPK_001__tank_engine_heldout_rec__+0dB,STATIONARY,SPEECH_LEAKAGE,AI_ONLY,2.95,-0.04,0.828,1.02,True
SPK_001__tank_engine_heldout_rec__+0dB,STATIONARY,SPEECH_LEAKAGE,HYBRID_PROTECTED,2.79,1.69,0.847,1.03,True
SPK_001__tank_engine_heldout_rec__+0dB,STATIONARY,SPEECH_LEAKAGE,NLMS_ONLY,4.05,2.09,0.846,1.03,True
SPK_001__tank_engine_heldout_rec__+0dB,STATIONARY,IMPULSIVE_SPIKE,AI_ONLY,1.6,-2.33,0.742,1.03,True
SPK_001__tank_engine_heldout_rec__+0dB,STATIONARY,IMPULSIVE_SPIKE,HYBRID_PROTECTED,3.63,2.72,0.795,1.03,True
SPK_001__tank_engine_heldout_rec__+0dB,STATIONARY,IMPULSIVE_SPIKE,NLMS_ONLY,-0.56,-1.21,0.76,1.03,True
SPK_001__helicopter_rotor_heldout_rec__+10dB,PERIODIC_ROTOR,MATCHED_REFERENCE,AI_ONLY,-5.21,9.09,0.922,1.2,True
SPK_001__helicopter_rotor_heldout_rec__+10dB,PERIODIC_ROTOR,MATCHED_REFERENCE,HYBRID_PROTECTED,-6.01,13.5,0.964,1.25,True
SPK_001__helicopter_rotor_heldout_rec__+10dB,PERIODIC_ROTOR,MATCHED_REFERENCE,NLMS_ONLY,2.52,14.67,0.965,1.28,True
SPK_001__helicopter_rotor_heldout_rec__+10dB,PERIODIC_ROTOR,SPEECH_LEAKAGE,AI_ONLY,-5.21,9.09,0.922,1.2,True
SPK_001__helicopter_rotor_heldout_rec__+10dB,PERIODIC_ROTOR,SPEECH_LEAKAGE,HYBRID_PROTECTED,-7.22,7.78,0.946,1.16,True
SPK_001__helicopter_rotor_heldout_rec__+10dB,PERIODIC_ROTOR,SPEECH_LEAKAGE,NLMS_ONLY,-3.27,8.16,0.946,1.17,True
SPK_001__helicopter_rotor_heldout_rec__+10dB,PERIODIC_ROTOR,IMPULSIVE_SPIKE,AI_ONLY,-8.23,0.46,0.82,1.12,True
SPK_001__helicopter_rotor_heldout_rec__+10dB,PERIODIC_ROTOR,IMPULSIVE_SPIKE,HYBRID_PROTECTED,-6.11,9.56,0.9,1.24,True
SPK_001__helicopter_rotor_heldout_rec__+10dB,PERIODIC_ROTOR,IMPULSIVE_SPIKE,NLMS_ONLY,-10.42,-2.03,0.855,1.1,True
SPK_001__gunfire_transient_insas__+5dB,IMPULSIVE_DEFENCE,MATCHED_REFERENCE,AI_ONLY,-0.79,4.65,0.916,1.56,True
SPK_001__gunfire_transient_insas__+5dB,IMPULSIVE_DEFENCE,MATCHED_REFERENCE,HYBRID_PROTECTED,-0.14,10.61,0.917,1.57,True
SPK_001__gunfire_transient_insas__+5dB,IMPULSIVE_DEFENCE,MATCHED_REFERENCE,NLMS_ONLY,6.62,11.61,0.917,1.61,True
SPK_001__gunfire_transient_insas__+5dB,IMPULSIVE_DEFENCE,SPEECH_LEAKAGE,AI_ONLY,-0.79,4.65,0.916,1.56,True
SPK_001__gunfire_transient_insas__+5dB,IMPULSIVE_DEFENCE,SPEECH_LEAKAGE,HYBRID_PROTECTED,-2.36,6.5,0.93,1.6,True
SPK_001__gunfire_transient_insas__+5dB,IMPULSIVE_DEFENCE,SPEECH_LEAKAGE,NLMS_ONLY,1.12,6.79,0.929,1.64,True
SPK_001__gunfire_transient_insas__+5dB,IMPULSIVE_DEFENCE,IMPULSIVE_SPIKE,AI_ONLY,-3.32,-0.57,0.806,1.33,True
SPK_001__gunfire_transient_insas__+5dB,IMPULSIVE_DEFENCE,IMPULSIVE_SPIKE,HYBRID_PROTECTED,-0.25,8.88,0.854,1.51,True
SPK_001__gunfire_transient_insas__+5dB,IMPULSIVE_DEFENCE,IMPULSIVE_SPIKE,NLMS_ONLY,-5.46,-0.47,0.805,1.3,True
SPK_001__artillery_blast_dhanush__+10dB,IMPULSIVE_DEFENCE,MATCHED_REFERENCE,AI_ONLY,-5.21,9.32,0.916,2.51,False
SPK_001__artillery_blast_dhanush__+10dB,IMPULSIVE_DEFENCE,MATCHED_REFERENCE,HYBRID_PROTECTED,-4.99,14.37,0.913,2.48,False
SPK_001__artillery_blast_dhanush__+10dB,IMPULSIVE_DEFENCE,MATCHED_REFERENCE,NLMS_ONLY,5.83,15.84,0.913,2.65,False
SPK_001__artillery_blast_dhanush__+10dB,IMPULSIVE_DEFENCE,SPEECH_LEAKAGE,AI_ONLY,-5.21,9.32,0.916,2.51,True
SPK_001__artillery_blast_dhanush__+10dB,IMPULSIVE_DEFENCE,SPEECH_LEAKAGE,HYBRID_PROTECTED,-7.38,7.67,0.931,2.66,True
SPK_001__artillery_blast_dhanush__+10dB,IMPULSIVE_DEFENCE,SPEECH_LEAKAGE,NLMS_ONLY,-3.72,7.9,0.931,2.76,True
SPK_001__artillery_blast_dhanush__+10dB,IMPULSIVE_DEFENCE,IMPULSIVE_SPIKE,AI_ONLY,-8.22,0.45,0.842,1.71,True
SPK_001__artillery_blast_dhanush__+10dB,IMPULSIVE_DEFENCE,IMPULSIVE_SPIKE,HYBRID_PROTECTED,-5.25,8.64,0.851,2.16,True
SPK_001__artillery_blast_dhanush__+10dB,IMPULSIVE_DEFENCE,IMPULSIVE_SPIKE,NLMS_ONLY,-6.98,3.04,0.832,1.98,True
SPK_002__tank_engine_t90__-10dB,STATIONARY,MATCHED_REFERENCE,AI_ONLY,10.18,-8.51,0.661,1.01,True
SPK_002__tank_engine_t90__-10dB,STATIONARY,MATCHED_REFERENCE,HYBRID_PROTECTED,12.28,-1.57,0.689,1.02,True
SPK_002__tank_engine_t90__-10dB,STATIONARY,MATCHED_REFERENCE,NLMS_ONLY,9.28,-0.88,0.691,1.02,True
SPK_002__tank_engine_t90__-10dB,STATIONARY,SPEECH_LEAKAGE,AI_ONLY,10.18,-8.51,0.661,1.01,True
SPK_002__tank_engine_t90__-10dB,STATIONARY,SPEECH_LEAKAGE,HYBRID_PROTECTED,11.74,-3.05,0.679,1.02,True
SPK_002__tank_engine_t90__-10dB,STATIONARY,SPEECH_LEAKAGE,NLMS_ONLY,9.52,-2.57,0.679,1.02,True
SPK_002__tank_engine_t90__-10dB,STATIONARY,IMPULSIVE_SPIKE,AI_ONLY,10.08,-8.78,0.629,1.01,True
SPK_002__tank_engine_t90__-10dB,STATIONARY,IMPULSIVE_SPIKE,HYBRID_PROTECTED,12.24,-1.67,0.669,1.02,True
SPK_002__tank_engine_t90__-10dB,STATIONARY,IMPULSIVE_SPIKE,NLMS_ONLY,8.26,-1.9,0.639,1.02,True
SPK_002__diesel_idle_apc__-5dB,STATIONARY,MATCHED_REFERENCE,AI_ONLY,5.7,-4.4,0.722,1.02,True
SPK_002__diesel_idle_apc__-5dB,STATIONARY,MATCHED_REFERENCE,HYBRID_PROTECTED,8.29,0.91,0.734,1.02,True
SPK_002__diesel_idle_apc__-5dB,STATIONARY,MATCHED_REFERENCE,NLMS_ONLY,6.61,1.6,0.736,1.02,True
SPK_002__diesel_idle_apc__-5dB,STATIONARY,SPEECH_LEAKAGE,AI_ONLY,5.7,-4.4,0.722,1.02,True
SPK_002__diesel_idle_apc__-5dB,STATIONARY,SPEECH_LEAKAGE,HYBRID_PROTECTED,7.66,-0.19,0.732,1.02,True
SPK_002__diesel_idle_apc__-5dB,STATIONARY,SPEECH_LEAKAGE,NLMS_ONLY,6.94,0.3,0.732,1.02,True
SPK_002__diesel_idle_apc__-5dB,STATIONARY,IMPULSIVE_SPIKE,AI_ONLY,6.16,-5.14,0.674,1.02,True
SPK_002__diesel_idle_apc__-5dB,STATIONARY,IMPULSIVE_SPIKE,HYBRID_PROTECTED,8.21,0.68,0.712,1.02,True
SPK_002__diesel_idle_apc__-5dB,STATIONARY,IMPULSIVE_SPIKE,NLMS_ONLY,4.45,-0.57,0.677,1.02,True
SPK_002__generator_hum_50hz__+15dB,STATIONARY,MATCHED_REFERENCE,AI_ONLY,-9.98,13.68,0.893,1.16,True
SPK_002__generator_hum_50hz__+15dB,STATIONARY,MATCHED_REFERENCE,HYBRID_PROTECTED,-9.9,17.44,0.921,1.23,True
SPK_002__generator_hum_50hz__+15dB,STATIONARY,MATCHED_REFERENCE,NLMS_ONLY,4.86,19.87,0.922,1.26,True
SPK_002__generator_hum_50hz__+15dB,STATIONARY,SPEECH_LEAKAGE,AI_ONLY,-9.98,13.68,0.893,1.16,True
SPK_002__generator_hum_50hz__+15dB,STATIONARY,SPEECH_LEAKAGE,HYBRID_PROTECTED,-11.97,8.82,0.92,1.15,True
SPK_002__generator_hum_50hz__+15dB,STATIONARY,SPEECH_LEAKAGE,NLMS_ONLY,-7.41,9.21,0.92,1.17,True
SPK_002__generator_hum_50hz__+15dB,STATIONARY,IMPULSIVE_SPIKE,AI_ONLY,-13.17,1.66,0.804,1.11,True
SPK_002__generator_hum_50hz__+15dB,STATIONARY,IMPULSIVE_SPIKE,HYBRID_PROTECTED,-10.08,11.01,0.864,1.19,True
SPK_002__generator_hum_50hz__+15dB,STATIONARY,IMPULSIVE_SPIKE,NLMS_ONLY,-14.3,0.7,0.82,1.11,True
SPK_002__helicopter_rotor_dhruv__+0dB,PERIODIC_ROTOR,MATCHED_REFERENCE,AI_ONLY,2.91,-0.13,0.793,1.03,True
SPK_002__helicopter_rotor_dhruv__+0dB,PERIODIC_ROTOR,MATCHED_REFERENCE,HYBRID_PROTECTED,4.73,8.11,0.815,1.04,True
SPK_002__helicopter_rotor_dhruv__+0dB,PERIODIC_ROTOR,MATCHED_REFERENCE,NLMS_ONLY,8.93,8.94,0.816,1.04,True
SPK_002__helicopter_rotor_dhruv__+0dB,PERIODIC_ROTOR,SPEECH_LEAKAGE,AI_ONLY,2.91,-0.13,0.793,1.03,True
SPK_002__helicopter_rotor_dhruv__+0dB,PERIODIC_ROTOR,SPEECH_LEAKAGE,HYBRID_PROTECTED,3.54,6.04,0.812,1.03,True
SPK_002__helicopter_rotor_dhruv__+0dB,PERIODIC_ROTOR,SPEECH_LEAKAGE,NLMS_ONLY,7.39,6.57,0.812,1.04,True
SPK_002__helicopter_rotor_dhruv__+0dB,PERIODIC_ROTOR,IMPULSIVE_SPIKE,AI_ONLY,1.63,-2.04,0.722,1.03,True
SPK_002__helicopter_rotor_dhruv__+0dB,PERIODIC_ROTOR,IMPULSIVE_SPIKE,HYBRID_PROTECTED,4.64,7.21,0.789,1.04,True
SPK_002__helicopter_rotor_dhruv__+0dB,PERIODIC_ROTOR,IMPULSIVE_SPIKE,NLMS_ONLY,0.12,0.12,0.741,1.04,True
SPK_002__propeller_rotor_an32__+5dB,PERIODIC_ROTOR,MATCHED_REFERENCE,AI_ONLY,-0.76,4.49,0.837,1.08,True
SPK_002__propeller_rotor_an32__+5dB,PERIODIC_ROTOR,MATCHED_REFERENCE,HYBRID_PROTECTED,-0.01,12.61,0.862,1.12,True
SPK_002__propeller_rotor_an32__+5dB,PERIODIC_ROTOR,MATCHED_REFERENCE,NLMS_ONLY,8.84,13.84,0.862,1.14,True
SPK_002__propeller_rotor_an32__+5dB,PERIODIC_ROTOR,SPEECH_LEAKAGE,AI_ONLY,-0.76,4.49,0.837,1.08,True
SPK_002__propeller_rotor_an32__+5dB,PERIODIC_ROTOR,SPEECH_LEAKAGE,HYBRID_PROTECTED,-1.57,8.38,0.859,1.08,True
SPK_002__propeller_rotor_an32__+5dB,PERIODIC_ROTOR,SPEECH_LEAKAGE,NLMS_ONLY,3.52,8.94,0.859,1.09,True
SPK_002__propeller_rotor_an32__+5dB,PERIODIC_ROTOR,IMPULSIVE_SPIKE,AI_ONLY,-3.22,0.16,0.757,1.07,True
SPK_002__propeller_rotor_an32__+5dB,PERIODIC_ROTOR,IMPULSIVE_SPIKE,HYBRID_PROTECTED,-0.15,9.69,0.831,1.11,True
SPK_002__propeller_rotor_an32__+5dB,PERIODIC_ROTOR,IMPULSIVE_SPIKE,NLMS_ONLY,-4.55,0.45,0.782,1.08,True
SPK_002__vehicle_acceleration_track__+15dB,NON_STATIONARY,MATCHED_REFERENCE,AI_ONLY,-9.98,13.68,0.893,1.16,True
SPK_002__vehicle_acceleration_track__+15dB,NON_STATIONARY,MATCHED_REFERENCE,HYBRID_PROTECTED,-9.9,17.44,0.921,1.23,True
SPK_002__vehicle_acceleration_track__+15dB,NON_STATIONARY,MATCHED_REFERENCE,NLMS_ONLY,4.86,19.87,0.922,1.26,True
SPK_002__vehicle_acceleration_track__+15dB,NON_STATIONARY,SPEECH_LEAKAGE,AI_ONLY,-9.98,13.68,0.893,1.16,True
SPK_002__vehicle_acceleration_track__+15dB,NON_STATIONARY,SPEECH_LEAKAGE,HYBRID_PROTECTED,-11.97,8.82,0.92,1.15,True
SPK_002__vehicle_acceleration_track__+15dB,NON_STATIONARY,SPEECH_LEAKAGE,NLMS_ONLY,-7.41,9.21,0.92,1.17,True
SPK_002__vehicle_acceleration_track__+15dB,NON_STATIONARY,IMPULSIVE_SPIKE,AI_ONLY,-13.17,1.66,0.804,1.11,True
SPK_002__vehicle_acceleration_track__+15dB,NON_STATIONARY,IMPULSIVE_SPIKE,HYBRID_PROTECTED,-10.08,11.01,0.864,1.19,True
SPK_002__vehicle_acceleration_track__+15dB,NON_STATIONARY,IMPULSIVE_SPIKE,NLMS_ONLY,-14.3,0.7,0.82,1.11,True
SPK_002__tactical_siren_sweep__+5dB,NON_STATIONARY,MATCHED_REFERENCE,AI_ONLY,-0.76,4.49,0.837,1.08,True
SPK_002__tactical_siren_sweep__+5dB,NON_STATIONARY,MATCHED_REFERENCE,HYBRID_PROTECTED,-0.01,12.61,0.862,1.12,True
SPK_002__tactical_siren_sweep__+5dB,NON_STATIONARY,MATCHED_REFERENCE,NLMS_ONLY,8.84,13.84,0.862,1.14,True
SPK_002__tactical_siren_sweep__+5dB,NON_STATIONARY,SPEECH_LEAKAGE,AI_ONLY,-0.76,4.49,0.837,1.08,True
SPK_002__tactical_siren_sweep__+5dB,NON_STATIONARY,SPEECH_LEAKAGE,HYBRID_PROTECTED,-1.57,8.38,0.859,1.08,True
SPK_002__tactical_siren_sweep__+5dB,NON_STATIONARY,SPEECH_LEAKAGE,NLMS_ONLY,3.52,8.94,0.859,1.09,True
SPK_002__tactical_siren_sweep__+5dB,NON_STATIONARY,IMPULSIVE_SPIKE,AI_ONLY,-3.22,0.16,0.757,1.07,True
SPK_002__tactical_siren_sweep__+5dB,NON_STATIONARY,IMPULSIVE_SPIKE,HYBRID_PROTECTED,-0.15,9.69,0.831,1.11,True
SPK_002__tactical_siren_sweep__+5dB,NON_STATIONARY,IMPULSIVE_SPIKE,NLMS_ONLY,-4.55,0.45,0.782,1.08,True
SPK_002__tank_engine_heldout_rec__-5dB,STATIONARY,MATCHED_REFERENCE,AI_ONLY,5.7,-4.4,0.722,1.02,True
SPK_002__tank_engine_heldout_rec__-5dB,STATIONARY,MATCHED_REFERENCE,HYBRID_PROTECTED,8.12,0.72,0.734,1.02,True
SPK_002__tank_engine_heldout_rec__-5dB,STATIONARY,MATCHED_REFERENCE,NLMS_ONLY,6.96,1.34,0.735,1.02,True
SPK_002__tank_engine_heldout_rec__-5dB,STATIONARY,SPEECH_LEAKAGE,AI_ONLY,5.7,-4.4,0.722,1.02,True
SPK_002__tank_engine_heldout_rec__-5dB,STATIONARY,SPEECH_LEAKAGE,HYBRID_PROTECTED,7.15,-1.5,0.728,1.02,True
SPK_002__tank_engine_heldout_rec__-5dB,STATIONARY,SPEECH_LEAKAGE,NLMS_ONLY,6.53,-1.14,0.727,1.02,True
SPK_002__tank_engine_heldout_rec__-5dB,STATIONARY,IMPULSIVE_SPIKE,AI_ONLY,6.16,-5.14,0.674,1.02,True
SPK_002__tank_engine_heldout_rec__-5dB,STATIONARY,IMPULSIVE_SPIKE,HYBRID_PROTECTED,8.01,0.38,0.709,1.02,True
SPK_002__tank_engine_heldout_rec__-5dB,STATIONARY,IMPULSIVE_SPIKE,NLMS_ONLY,4.62,-1.06,0.672,1.02,True
SPK_002__helicopter_rotor_heldout_rec__+0dB,PERIODIC_ROTOR,MATCHED_REFERENCE,AI_ONLY,2.91,-0.13,0.793,1.03,True
SPK_002__helicopter_rotor_heldout_rec__+0dB,PERIODIC_ROTOR,MATCHED_REFERENCE,HYBRID_PROTECTED,4.28,7.65,0.816,1.04,True
SPK_002__helicopter_rotor_heldout_rec__+0dB,PERIODIC_ROTOR,MATCHED_REFERENCE,NLMS_ONLY,8.91,8.39,0.817,1.04,True
SPK_002__helicopter_rotor_heldout_rec__+0dB,PERIODIC_ROTOR,SPEECH_LEAKAGE,AI_ONLY,2.91,-0.13,0.793,1.03,True
SPK_002__helicopter_rotor_heldout_rec__+0dB,PERIODIC_ROTOR,SPEECH_LEAKAGE,HYBRID_PROTECTED,2.94,4.32,0.807,1.03,True
SPK_002__helicopter_rotor_heldout_rec__+0dB,PERIODIC_ROTOR,SPEECH_LEAKAGE,NLMS_ONLY,5.82,4.67,0.807,1.03,True
SPK_002__helicopter_rotor_heldout_rec__+0dB,PERIODIC_ROTOR,IMPULSIVE_SPIKE,AI_ONLY,1.63,-2.04,0.722,1.03,True
SPK_002__helicopter_rotor_heldout_rec__+0dB,PERIODIC_ROTOR,IMPULSIVE_SPIKE,HYBRID_PROTECTED,4.2,6.69,0.788,1.04,True
SPK_002__helicopter_rotor_heldout_rec__+0dB,PERIODIC_ROTOR,IMPULSIVE_SPIKE,NLMS_ONLY,0.12,-0.63,0.741,1.04,True
SPK_002__gunfire_transient_insas__-10dB,IMPULSIVE_DEFENCE,MATCHED_REFERENCE,AI_ONLY,10.97,-3.83,0.804,1.42,True
SPK_002__gunfire_transient_insas__-10dB,IMPULSIVE_DEFENCE,MATCHED_REFERENCE,HYBRID_PROTECTED,14.42,6.52,0.826,1.52,True
SPK_002__gunfire_transient_insas__-10dB,IMPULSIVE_DEFENCE,MATCHED_REFERENCE,NLMS_ONLY,17.38,7.15,0.825,1.56,True
SPK_002__gunfire_transient_insas__-10dB,IMPULSIVE_DEFENCE,SPEECH_LEAKAGE,AI_ONLY,10.97,-3.83,0.804,1.42,True
SPK_002__gunfire_transient_insas__-10dB,IMPULSIVE_DEFENCE,SPEECH_LEAKAGE,HYBRID_PROTECTED,12.37,2.98,0.829,1.52,True
SPK_002__gunfire_transient_insas__-10dB,IMPULSIVE_DEFENCE,SPEECH_LEAKAGE,NLMS_ONLY,14.6,3.17,0.827,1.53,True
SPK_002__gunfire_transient_insas__-10dB,IMPULSIVE_DEFENCE,IMPULSIVE_SPIKE,AI_ONLY,11.14,-4.89,0.72,1.26,True
SPK_002__gunfire_transient_insas__-10dB,IMPULSIVE_DEFENCE,IMPULSIVE_SPIKE,HYBRID_PROTECTED,14.33,5.86,0.781,1.44,True
SPK_002__gunfire_transient_insas__-10dB,IMPULSIVE_DEFENCE,IMPULSIVE_SPIKE,NLMS_ONLY,9.88,-0.37,0.735,1.27,True
SPK_002__artillery_blast_dhanush__-5dB,IMPULSIVE_DEFENCE,MATCHED_REFERENCE,AI_ONLY,7.76,-0.39,0.856,2.22,True
SPK_002__artillery_blast_dhanush__-5dB,IMPULSIVE_DEFENCE,MATCHED_REFERENCE,HYBRID_PROTECTED,9.86,9.88,0.863,2.47,True
SPK_002__artillery_blast_dhanush__-5dB,IMPULSIVE_DEFENCE,MATCHED_REFERENCE,NLMS_ONLY,15.68,10.68,0.862,2.58,True
SPK_002__artillery_blast_dhanush__-5dB,IMPULSIVE_DEFENCE,SPEECH_LEAKAGE,AI_ONLY,7.76,-0.39,0.856,2.22,True
SPK_002__artillery_blast_dhanush__-5dB,IMPULSIVE_DEFENCE,SPEECH_LEAKAGE,HYBRID_PROTECTED,7.48,5.1,0.87,2.55,True
SPK_002__artillery_blast_dhanush__-5dB,IMPULSIVE_DEFENCE,SPEECH_LEAKAGE,NLMS_ONLY,10.42,5.31,0.869,2.6,True
SPK_002__artillery_blast_dhanush__-5dB,IMPULSIVE_DEFENCE,IMPULSIVE_SPIKE,AI_ONLY,6.67,-2.18,0.818,1.79,True
SPK_002__artillery_blast_dhanush__-5dB,IMPULSIVE_DEFENCE,IMPULSIVE_SPIKE,HYBRID_PROTECTED,9.73,8.31,0.858,2.25,True
SPK_002__artillery_blast_dhanush__-5dB,IMPULSIVE_DEFENCE,IMPULSIVE_SPIKE,NLMS_ONLY,9.49,4.48,0.833,2.1,True
SPK_003__tank_engine_t90__-10dB,STATIONARY,MATCHED_REFERENCE,AI_ONLY,10.37,-8.38,0.625,1.01,True
SPK_003__tank_engine_t90__-10dB,STATIONARY,MATCHED_REFERENCE,HYBRID_PROTECTED,12.43,-1.24,0.68,1.02,True
SPK_003__tank_engine_t90__-10dB,STATIONARY,MATCHED_REFERENCE,NLMS_ONLY,5.41,-4.66,0.609,1.02,True
SPK_003__tank_engine_t90__-10dB,STATIONARY,SPEECH_LEAKAGE,AI_ONLY,10.37,-8.38,0.625,1.01,True
SPK_003__tank_engine_t90__-10dB,STATIONARY,SPEECH_LEAKAGE,HYBRID_PROTECTED,11.75,-3.04,0.648,1.02,True
SPK_003__tank_engine_t90__-10dB,STATIONARY,SPEECH_LEAKAGE,NLMS_ONLY,5.37,-5.87,0.603,1.02,True
SPK_003__tank_engine_t90__-10dB,STATIONARY,IMPULSIVE_SPIKE,AI_ONLY,10.3,-8.61,0.618,1.01,True
SPK_003__tank_engine_t90__-10dB,STATIONARY,IMPULSIVE_SPIKE,HYBRID_PROTECTED,12.4,-1.31,0.673,1.02,True
SPK_003__tank_engine_t90__-10dB,STATIONARY,IMPULSIVE_SPIKE,NLMS_ONLY,4.98,-5.08,0.594,1.02,True
SPK_003__diesel_idle_apc__+10dB,STATIONARY,MATCHED_REFERENCE,AI_ONLY,-5.23,9.12,0.84,1.06,True
SPK_003__diesel_idle_apc__+10dB,STATIONARY,MATCHED_REFERENCE,HYBRID_PROTECTED,-5.03,13.5,0.868,1.08,True
SPK_003__diesel_idle_apc__+10dB,STATIONARY,MATCHED_REFERENCE,NLMS_ONLY,3.81,13.82,0.855,1.08,True
SPK_003__diesel_idle_apc__+10dB,STATIONARY,SPEECH_LEAKAGE,AI_ONLY,-5.23,9.12,0.84,1.06,True
SPK_003__diesel_idle_apc__+10dB,STATIONARY,SPEECH_LEAKAGE,HYBRID_PROTECTED,-6.78,7.3,0.852,1.04,True
SPK_003__diesel_idle_apc__+10dB,STATIONARY,SPEECH_LEAKAGE,NLMS_ONLY,-2.34,7.81,0.852,1.04,True
SPK_003__diesel_idle_apc__+10dB,STATIONARY,IMPULSIVE_SPIKE,AI_ONLY,-8.17,1.58,0.799,1.05,True
SPK_003__diesel_idle_apc__+10dB,STATIONARY,IMPULSIVE_SPIKE,HYBRID_PROTECTED,-5.3,8.24,0.836,1.07,True
SPK_003__diesel_idle_apc__+10dB,STATIONARY,IMPULSIVE_SPIKE,NLMS_ONLY,-9.06,0.95,0.801,1.05,True
SPK_003__generator_hum_50hz__+15dB,STATIONARY,MATCHED_REFERENCE,AI_ONLY,-10.03,13.57,0.878,1.16,True
SPK_003__generator_hum_50hz__+15dB,STATIONARY,MATCHED_REFERENCE,HYBRID_PROTECTED,-9.95,17.37,0.915,1.24,True
SPK_003__generator_hum_50hz__+15dB,STATIONARY,MATCHED_REFERENCE,NLMS_ONLY,3.82,18.83,0.903,1.22,True
SPK_003__generator_hum_50hz__+15dB,STATIONARY,SPEECH_LEAKAGE,AI_ONLY,-10.03,13.57,0.878,1.16,True
SPK_003__generator_hum_50hz__+15dB,STATIONARY,SPEECH_LEAKAGE,HYBRID_PROTECTED,-12.03,7.97,0.9,1.09,True
SPK_003__generator_hum_50hz__+15dB,STATIONARY,SPEECH_LEAKAGE,NLMS_ONLY,-7.73,8.37,0.9,1.1,True
SPK_003__generator_hum_50hz__+15dB,STATIONARY,IMPULSIVE_SPIKE,AI_ONLY,-13.16,2.04,0.831,1.11,True
SPK_003__generator_hum_50hz__+15dB,STATIONARY,IMPULSIVE_SPIKE,HYBRID_PROTECTED,-10.11,11.12,0.881,1.19,True
SPK_003__generator_hum_50hz__+15dB,STATIONARY,IMPULSIVE_SPIKE,NLMS_ONLY,-13.84,1.17,0.845,1.1,True
SPK_003__helicopter_rotor_dhruv__+10dB,PERIODIC_ROTOR,MATCHED_REFERENCE,AI_ONLY,-5.23,9.09,0.867,1.2,True
SPK_003__helicopter_rotor_dhruv__+10dB,PERIODIC_ROTOR,MATCHED_REFERENCE,HYBRID_PROTECTED,-4.96,16.51,0.895,1.31,True
SPK_003__helicopter_rotor_dhruv__+10dB,PERIODIC_ROTOR,MATCHED_REFERENCE,NLMS_ONLY,7.98,17.98,0.89,1.29,True
SPK_003__helicopter_rotor_dhruv__+10dB,PERIODIC_ROTOR,SPEECH_LEAKAGE,AI_ONLY,-5.23,9.09,0.867,1.2,True
SPK_003__helicopter_rotor_dhruv__+10dB,PERIODIC_ROTOR,SPEECH_LEAKAGE,HYBRID_PROTECTED,-6.95,8.63,0.889,1.14,True
SPK_003__helicopter_rotor_dhruv__+10dB,PERIODIC_ROTOR,SPEECH_LEAKAGE,NLMS_ONLY,-2.34,9.14,0.89,1.15,True
SPK_003__helicopter_rotor_dhruv__+10dB,PERIODIC_ROTOR,IMPULSIVE_SPIKE,AI_ONLY,-8.17,1.59,0.822,1.14,True
SPK_003__helicopter_rotor_dhruv__+10dB,PERIODIC_ROTOR,IMPULSIVE_SPIKE,HYBRID_PROTECTED,-5.11,11.13,0.881,1.26,True
SPK_003__helicopter_rotor_dhruv__+10dB,PERIODIC_ROTOR,IMPULSIVE_SPIKE,NLMS_ONLY,-8.99,1.02,0.843,1.14,True
SPK_003__propeller_rotor_an32__+10dB,PERIODIC_ROTOR,MATCHED_REFERENCE,AI_ONLY,-5.23,9.09,0.867,1.2,True
SPK_003__propeller_rotor_an32__+10dB,PERIODIC_ROTOR,MATCHED_REFERENCE,HYBRID_PROTECTED,-4.96,16.51,0.895,1.31,True
SPK_003__propeller_rotor_an32__+10dB,PERIODIC_ROTOR,MATCHED_REFERENCE,NLMS_ONLY,7.98,17.98,0.89,1.29,True
SPK_003__propeller_rotor_an32__+10dB,PERIODIC_ROTOR,SPEECH_LEAKAGE,AI_ONLY,-5.23,9.09,0.867,1.2,True
SPK_003__propeller_rotor_an32__+10dB,PERIODIC_ROTOR,SPEECH_LEAKAGE,HYBRID_PROTECTED,-6.95,8.63,0.889,1.14,True
SPK_003__propeller_rotor_an32__+10dB,PERIODIC_ROTOR,SPEECH_LEAKAGE,NLMS_ONLY,-2.34,9.14,0.89,1.15,True
SPK_003__propeller_rotor_an32__+10dB,PERIODIC_ROTOR,IMPULSIVE_SPIKE,AI_ONLY,-8.17,1.59,0.822,1.14,True
SPK_003__propeller_rotor_an32__+10dB,PERIODIC_ROTOR,IMPULSIVE_SPIKE,HYBRID_PROTECTED,-5.11,11.13,0.881,1.26,True
SPK_003__propeller_rotor_an32__+10dB,PERIODIC_ROTOR,IMPULSIVE_SPIKE,NLMS_ONLY,-8.99,1.02,0.843,1.14,True
SPK_003__vehicle_acceleration_track__-5dB,NON_STATIONARY,MATCHED_REFERENCE,AI_ONLY,5.74,-4.36,0.697,1.02,True
SPK_003__vehicle_acceleration_track__-5dB,NON_STATIONARY,MATCHED_REFERENCE,HYBRID_PROTECTED,8.33,1.06,0.717,1.02,True
SPK_003__vehicle_acceleration_track__-5dB,NON_STATIONARY,MATCHED_REFERENCE,NLMS_ONLY,4.78,-0.2,0.687,1.02,True
SPK_003__vehicle_acceleration_track__-5dB,NON_STATIONARY,SPEECH_LEAKAGE,AI_ONLY,5.74,-4.36,0.697,1.02,True
SPK_003__vehicle_acceleration_track__-5dB,NON_STATIONARY,SPEECH_LEAKAGE,HYBRID_PROTECTED,7.59,-0.34,0.701,1.02,True
SPK_003__vehicle_acceleration_track__-5dB,NON_STATIONARY,SPEECH_LEAKAGE,NLMS_ONLY,4.72,-1.58,0.679,1.02,True
SPK_003__vehicle_acceleration_track__-5dB,NON_STATIONARY,IMPULSIVE_SPIKE,AI_ONLY,6.19,-5.02,0.682,1.02,True
SPK_003__vehicle_acceleration_track__-5dB,NON_STATIONARY,IMPULSIVE_SPIKE,HYBRID_PROTECTED,8.26,0.85,0.711,1.02,True
SPK_003__vehicle_acceleration_track__-5dB,NON_STATIONARY,IMPULSIVE_SPIKE,NLMS_ONLY,3.34,-1.63,0.665,1.02,True
SPK_003__tactical_siren_sweep__+0dB,NON_STATIONARY,MATCHED_REFERENCE,AI_ONLY,2.9,-0.15,0.795,1.03,True
SPK_003__tactical_siren_sweep__+0dB,NON_STATIONARY,MATCHED_REFERENCE,HYBRID_PROTECTED,4.69,8.11,0.813,1.04,True
SPK_003__tactical_siren_sweep__+0dB,NON_STATIONARY,MATCHED_REFERENCE,NLMS_ONLY,8.17,8.18,0.805,1.04,True
SPK_003__tactical_siren_sweep__+0dB,NON_STATIONARY,SPEECH_LEAKAGE,AI_ONLY,2.9,-0.15,0.795,1.03,True
SPK_003__tactical_siren_sweep__+0dB,NON_STATIONARY,SPEECH_LEAKAGE,HYBRID_PROTECTED,3.36,5.1,0.796,1.03,True
SPK_003__tactical_siren_sweep__+0dB,NON_STATIONARY,SPEECH_LEAKAGE,NLMS_ONLY,6.66,5.63,0.796,1.03,True
SPK_003__tactical_siren_sweep__+0dB,NON_STATIONARY,IMPULSIVE_SPIKE,AI_ONLY,1.65,-1.88,0.759,1.03,True
SPK_003__tactical_siren_sweep__+0dB,NON_STATIONARY,IMPULSIVE_SPIKE,HYBRID_PROTECTED,4.61,7.31,0.802,1.04,True
SPK_003__tactical_siren_sweep__+0dB,NON_STATIONARY,IMPULSIVE_SPIKE,NLMS_ONLY,0.43,0.45,0.761,1.03,True
SPK_003__tank_engine_heldout_rec__+10dB,STATIONARY,MATCHED_REFERENCE,AI_ONLY,-5.23,9.12,0.84,1.06,True
SPK_003__tank_engine_heldout_rec__+10dB,STATIONARY,MATCHED_REFERENCE,HYBRID_PROTECTED,-5.94,10.29,0.86,1.04,True
SPK_003__tank_engine_heldout_rec__+10dB,STATIONARY,MATCHED_REFERENCE,NLMS_ONLY,1.11,11.24,0.86,1.05,True
SPK_003__tank_engine_heldout_rec__+10dB,STATIONARY,SPEECH_LEAKAGE,AI_ONLY,-5.23,9.12,0.84,1.06,True
SPK_003__tank_engine_heldout_rec__+10dB,STATIONARY,SPEECH_LEAKAGE,HYBRID_PROTECTED,-7.3,5.38,0.844,1.04,True
SPK_003__tank_engine_heldout_rec__+10dB,STATIONARY,SPEECH_LEAKAGE,NLMS_ONLY,-4.06,5.71,0.844,1.04,True
SPK_003__tank_engine_heldout_rec__+10dB,STATIONARY,IMPULSIVE_SPIKE,AI_ONLY,-8.17,1.58,0.799,1.05,True
SPK_003__tank_engine_heldout_rec__+10dB,STATIONARY,IMPULSIVE_SPIKE,HYBRID_PROTECTED,-6.16,6.26,0.829,1.04,True
SPK_003__tank_engine_heldout_rec__+10dB,STATIONARY,IMPULSIVE_SPIKE,NLMS_ONLY,-9.29,-0.6,0.806,1.04,True
SPK_003__helicopter_rotor_heldout_rec__+15dB,PERIODIC_ROTOR,MATCHED_REFERENCE,AI_ONLY,-10.03,13.55,0.902,1.44,True
SPK_003__helicopter_rotor_heldout_rec__+15dB,PERIODIC_ROTOR,MATCHED_REFERENCE,HYBRID_PROTECTED,-11.48,11.74,0.944,1.39,True
SPK_003__helicopter_rotor_heldout_rec__+15dB,PERIODIC_ROTOR,MATCHED_REFERENCE,NLMS_ONLY,-5.03,12.55,0.944,1.42,True
SPK_003__helicopter_rotor_heldout_rec__+15dB,PERIODIC_ROTOR,SPEECH_LEAKAGE,AI_ONLY,-10.03,13.55,0.902,1.44,True
SPK_003__helicopter_rotor_heldout_rec__+15dB,PERIODIC_ROTOR,SPEECH_LEAKAGE,HYBRID_PROTECTED,-12.58,6.84,0.916,1.26,True
SPK_003__helicopter_rotor_heldout_rec__+15dB,PERIODIC_ROTOR,SPEECH_LEAKAGE,NLMS_ONLY,-9.36,7.13,0.916,1.28,True
SPK_003__helicopter_rotor_heldout_rec__+15dB,PERIODIC_ROTOR,IMPULSIVE_SPIKE,AI_ONLY,-13.16,2.05,0.854,1.24,True
SPK_003__helicopter_rotor_heldout_rec__+15dB,PERIODIC_ROTOR,IMPULSIVE_SPIKE,HYBRID_PROTECTED,-11.59,8.27,0.914,1.31,True
SPK_003__helicopter_rotor_heldout_rec__+15dB,PERIODIC_ROTOR,IMPULSIVE_SPIKE,NLMS_ONLY,-14.4,-1.75,0.878,1.14,True
SPK_003__gunfire_transient_insas__+5dB,IMPULSIVE_DEFENCE,MATCHED_REFERENCE,AI_ONLY,-0.79,4.71,0.843,1.84,False
SPK_003__gunfire_transient_insas__+5dB,IMPULSIVE_DEFENCE,MATCHED_REFERENCE,HYBRID_PROTECTED,-0.13,11.02,0.842,1.84,False
SPK_003__gunfire_transient_insas__+5dB,IMPULSIVE_DEFENCE,MATCHED_REFERENCE,NLMS_ONLY,6.31,11.31,0.834,1.8,False
SPK_003__gunfire_transient_insas__+5dB,IMPULSIVE_DEFENCE,SPEECH_LEAKAGE,AI_ONLY,-0.79,4.71,0.843,1.84,False
SPK_003__gunfire_transient_insas__+5dB,IMPULSIVE_DEFENCE,SPEECH_LEAKAGE,HYBRID_PROTECTED,-2.61,3.23,0.821,1.72,False
SPK_003__gunfire_transient_insas__+5dB,IMPULSIVE_DEFENCE,SPEECH_LEAKAGE,NLMS_ONLY,-0.26,3.44,0.82,1.73,False
SPK_003__gunfire_transient_insas__+5dB,IMPULSIVE_DEFENCE,IMPULSIVE_SPIKE,AI_ONLY,-3.26,0.35,0.795,1.47,True
SPK_003__gunfire_transient_insas__+5dB,IMPULSIVE_DEFENCE,IMPULSIVE_SPIKE,HYBRID_PROTECTED,-0.21,9.58,0.822,1.66,True
SPK_003__gunfire_transient_insas__+5dB,IMPULSIVE_DEFENCE,IMPULSIVE_SPIKE,NLMS_ONLY,-4.19,0.81,0.783,1.39,True
SPK_003__artillery_blast_dhanush__-10dB,IMPULSIVE_DEFENCE,MATCHED_REFERENCE,AI_ONLY,12.63,-0.67,0.865,2.23,True
SPK_003__artillery_blast_dhanush__-10dB,IMPULSIVE_DEFENCE,MATCHED_REFERENCE,HYBRID_PROTECTED,14.87,10.86,0.898,2.49,True
SPK_003__artillery_blast_dhanush__-10dB,IMPULSIVE_DEFENCE,MATCHED_REFERENCE,NLMS_ONLY,20.46,10.45,0.876,2.39,True
SPK_003__artillery_blast_dhanush__-10dB,IMPULSIVE_DEFENCE,SPEECH_LEAKAGE,AI_ONLY,12.63,-0.67,0.865,2.23,True
SPK_003__artillery_blast_dhanush__-10dB,IMPULSIVE_DEFENCE,SPEECH_LEAKAGE,HYBRID_PROTECTED,12.36,3.08,0.871,2.36,True
SPK_003__artillery_blast_dhanush__-10dB,IMPULSIVE_DEFENCE,SPEECH_LEAKAGE,NLMS_ONLY,14.51,2.96,0.867,2.33,True
SPK_003__artillery_blast_dhanush__-10dB,IMPULSIVE_DEFENCE,IMPULSIVE_SPIKE,AI_ONLY,11.72,-2.23,0.846,1.84,True
SPK_003__artillery_blast_dhanush__-10dB,IMPULSIVE_DEFENCE,IMPULSIVE_SPIKE,HYBRID_PROTECTED,14.79,9.4,0.88,2.5,True
SPK_003__artillery_blast_dhanush__-10dB,IMPULSIVE_DEFENCE,IMPULSIVE_SPIKE,NLMS_ONLY,13.54,3.53,0.839,2.03,True
SPK_004__tank_engine_t90__-10dB,STATIONARY,MATCHED_REFERENCE,AI_ONLY,10.42,-8.48,0.581,1.01,True
SPK_004__tank_engine_t90__-10dB,STATIONARY,MATCHED_REFERENCE,HYBRID_PROTECTED,12.42,-1.28,0.644,1.02,True
SPK_004__tank_engine_t90__-10dB,STATIONARY,MATCHED_REFERENCE,NLMS_ONLY,9.74,-0.44,0.647,1.02,True
SPK_004__tank_engine_t90__-10dB,STATIONARY,SPEECH_LEAKAGE,AI_ONLY,10.42,-8.48,0.581,1.01,True
SPK_004__tank_engine_t90__-10dB,STATIONARY,SPEECH_LEAKAGE,HYBRID_PROTECTED,11.87,-2.7,0.627,1.02,True
SPK_004__tank_engine_t90__-10dB,STATIONARY,SPEECH_LEAKAGE,NLMS_ONLY,9.99,-2.14,0.628,1.02,True
SPK_004__tank_engine_t90__-10dB,STATIONARY,IMPULSIVE_SPIKE,AI_ONLY,10.36,-8.71,0.545,1.01,True
SPK_004__tank_engine_t90__-10dB,STATIONARY,IMPULSIVE_SPIKE,HYBRID_PROTECTED,12.38,-1.37,0.624,1.02,True
SPK_004__tank_engine_t90__-10dB,STATIONARY,IMPULSIVE_SPIKE,NLMS_ONLY,8.82,-1.36,0.594,1.02,True
SPK_004__diesel_idle_apc__+5dB,STATIONARY,MATCHED_REFERENCE,AI_ONLY,-0.83,4.45,0.79,1.03,True
SPK_004__diesel_idle_apc__+5dB,STATIONARY,MATCHED_REFERENCE,HYBRID_PROTECTED,-0.29,8.91,0.809,1.04,True
SPK_004__diesel_idle_apc__+5dB,STATIONARY,MATCHED_REFERENCE,NLMS_ONLY,4.98,9.97,0.81,1.04,True
SPK_004__diesel_idle_apc__+5dB,STATIONARY,SPEECH_LEAKAGE,AI_ONLY,-0.83,4.45,0.79,1.03,True
SPK_004__diesel_idle_apc__+5dB,STATIONARY,SPEECH_LEAKAGE,HYBRID_PROTECTED,-1.62,6.18,0.805,1.03,True
SPK_004__diesel_idle_apc__+5dB,STATIONARY,SPEECH_LEAKAGE,NLMS_ONLY,2.43,6.77,0.805,1.03,True
SPK_004__diesel_idle_apc__+5dB,STATIONARY,IMPULSIVE_SPIKE,AI_ONLY,-3.22,0.49,0.714,1.03,True
SPK_004__diesel_idle_apc__+5dB,STATIONARY,IMPULSIVE_SPIKE,HYBRID_PROTECTED,-0.56,6.26,0.762,1.03,True
SPK_004__diesel_idle_apc__+5dB,STATIONARY,IMPULSIVE_SPIKE,NLMS_ONLY,-3.9,1.1,0.727,1.03,True
SPK_004__generator_hum_50hz__+5dB,STATIONARY,MATCHED_REFERENCE,AI_ONLY,-0.83,4.45,0.79,1.03,True
SPK_004__generator_hum_50hz__+5dB,STATIONARY,MATCHED_REFERENCE,HYBRID_PROTECTED,-0.29,8.91,0.809,1.04,True
SPK_004__generator_hum_50hz__+5dB,STATIONARY,MATCHED_REFERENCE,NLMS_ONLY,4.98,9.97,0.81,1.04,True
SPK_004__generator_hum_50hz__+5dB,STATIONARY,SPEECH_LEAKAGE,AI_ONLY,-0.83,4.45,0.79,1.03,True
SPK_004__generator_hum_50hz__+5dB,STATIONARY,SPEECH_LEAKAGE,HYBRID_PROTECTED,-1.62,6.18,0.805,1.03,True
SPK_004__generator_hum_50hz__+5dB,STATIONARY,SPEECH_LEAKAGE,NLMS_ONLY,2.43,6.77,0.805,1.03,True
SPK_004__generator_hum_50hz__+5dB,STATIONARY,IMPULSIVE_SPIKE,AI_ONLY,-3.22,0.49,0.714,1.03,True
SPK_004__generator_hum_50hz__+5dB,STATIONARY,IMPULSIVE_SPIKE,HYBRID_PROTECTED,-0.56,6.26,0.762,1.03,True
SPK_004__generator_hum_50hz__+5dB,STATIONARY,IMPULSIVE_SPIKE,NLMS_ONLY,-3.9,1.1,0.727,1.03,True
SPK_004__helicopter_rotor_dhruv__+15dB,PERIODIC_ROTOR,MATCHED_REFERENCE,AI_ONLY,-10.07,13.53,0.882,1.42,True
SPK_004__helicopter_rotor_dhruv__+15dB,PERIODIC_ROTOR,MATCHED_REFERENCE,HYBRID_PROTECTED,-9.98,19.54,0.914,1.63,True
SPK_004__helicopter_rotor_dhruv__+15dB,PERIODIC_ROTOR,MATCHED_REFERENCE,NLMS_ONLY,8.72,23.72,0.915,1.69,True
SPK_004__helicopter_rotor_dhruv__+15dB,PERIODIC_ROTOR,SPEECH_LEAKAGE,AI_ONLY,-10.07,13.53,0.882,1.42,True
SPK_004__helicopter_rotor_dhruv__+15dB,PERIODIC_ROTOR,SPEECH_LEAKAGE,HYBRID_PROTECTED,-12.1,8.39,0.907,1.48,True
SPK_004__helicopter_rotor_dhruv__+15dB,PERIODIC_ROTOR,SPEECH_LEAKAGE,NLMS_ONLY,-7.8,8.76,0.907,1.51,True
SPK_004__helicopter_rotor_dhruv__+15dB,PERIODIC_ROTOR,IMPULSIVE_SPIKE,AI_ONLY,-13.17,2.2,0.793,1.23,True
SPK_004__helicopter_rotor_dhruv__+15dB,PERIODIC_ROTOR,IMPULSIVE_SPIKE,HYBRID_PROTECTED,-10.13,11.76,0.87,1.47,True
SPK_004__helicopter_rotor_dhruv__+15dB,PERIODIC_ROTOR,IMPULSIVE_SPIKE,NLMS_ONLY,-13.72,1.28,0.825,1.22,True
SPK_004__propeller_rotor_an32__+15dB,PERIODIC_ROTOR,MATCHED_REFERENCE,AI_ONLY,-10.07,13.53,0.882,1.42,True
SPK_004__propeller_rotor_an32__+15dB,PERIODIC_ROTOR,MATCHED_REFERENCE,HYBRID_PROTECTED,-9.98,19.54,0.914,1.63,True
SPK_004__propeller_rotor_an32__+15dB,PERIODIC_ROTOR,MATCHED_REFERENCE,NLMS_ONLY,8.72,23.72,0.915,1.69,True
SPK_004__propeller_rotor_an32__+15dB,PERIODIC_ROTOR,SPEECH_LEAKAGE,AI_ONLY,-10.07,13.53,0.882,1.42,True
SPK_004__propeller_rotor_an32__+15dB,PERIODIC_ROTOR,SPEECH_LEAKAGE,HYBRID_PROTECTED,-12.1,8.39,0.907,1.48,True
SPK_004__propeller_rotor_an32__+15dB,PERIODIC_ROTOR,SPEECH_LEAKAGE,NLMS_ONLY,-7.8,8.76,0.907,1.51,True
SPK_004__propeller_rotor_an32__+15dB,PERIODIC_ROTOR,IMPULSIVE_SPIKE,AI_ONLY,-13.17,2.2,0.793,1.23,True
SPK_004__propeller_rotor_an32__+15dB,PERIODIC_ROTOR,IMPULSIVE_SPIKE,HYBRID_PROTECTED,-10.13,11.76,0.87,1.47,True
SPK_004__propeller_rotor_an32__+15dB,PERIODIC_ROTOR,IMPULSIVE_SPIKE,NLMS_ONLY,-13.72,1.28,0.825,1.22,True
SPK_004__vehicle_acceleration_track__-5dB,NON_STATIONARY,MATCHED_REFERENCE,AI_ONLY,5.74,-4.41,0.666,1.01,True
SPK_004__vehicle_acceleration_track__-5dB,NON_STATIONARY,MATCHED_REFERENCE,HYBRID_PROTECTED,8.3,1.04,0.692,1.02,True
SPK_004__vehicle_acceleration_track__-5dB,NON_STATIONARY,MATCHED_REFERENCE,NLMS_ONLY,6.9,1.88,0.694,1.02,True
SPK_004__vehicle_acceleration_track__-5dB,NON_STATIONARY,SPEECH_LEAKAGE,AI_ONLY,5.74,-4.41,0.666,1.01,True
SPK_004__vehicle_acceleration_track__-5dB,NON_STATIONARY,SPEECH_LEAKAGE,HYBRID_PROTECTED,7.69,0.02,0.69,1.02,True
SPK_004__vehicle_acceleration_track__-5dB,NON_STATIONARY,SPEECH_LEAKAGE,NLMS_ONLY,7.26,0.6,0.691,1.02,True
SPK_004__vehicle_acceleration_track__-5dB,NON_STATIONARY,IMPULSIVE_SPIKE,AI_ONLY,6.18,-5.05,0.616,1.02,True
SPK_004__vehicle_acceleration_track__-5dB,NON_STATIONARY,IMPULSIVE_SPIKE,HYBRID_PROTECTED,8.23,0.82,0.671,1.02,True
SPK_004__vehicle_acceleration_track__-5dB,NON_STATIONARY,IMPULSIVE_SPIKE,NLMS_ONLY,4.97,-0.05,0.638,1.02,True
SPK_004__tactical_siren_sweep__-10dB,NON_STATIONARY,MATCHED_REFERENCE,AI_ONLY,7.72,-8.63,0.673,1.02,True
SPK_004__tactical_siren_sweep__-10dB,NON_STATIONARY,MATCHED_REFERENCE,HYBRID_PROTECTED,13.45,1.57,0.696,1.02,True
SPK_004__tactical_siren_sweep__-10dB,NON_STATIONARY,MATCHED_REFERENCE,NLMS_ONLY,12.44,2.34,0.697,1.02,True
SPK_004__tactical_siren_sweep__-10dB,NON_STATIONARY,SPEECH_LEAKAGE,AI_ONLY,7.72,-8.63,0.673,1.02,True
SPK_004__tactical_siren_sweep__-10dB,NON_STATIONARY,SPEECH_LEAKAGE,HYBRID_PROTECTED,12.91,0.68,0.692,1.02,True
SPK_004__tactical_siren_sweep__-10dB,NON_STATIONARY,SPEECH_LEAKAGE,NLMS_ONLY,12.61,1.25,0.693,1.02,True
SPK_004__tactical_siren_sweep__-10dB,NON_STATIONARY,IMPULSIVE_SPIKE,AI_ONLY,9.94,-8.84,0.619,1.02,True
SPK_004__tactical_siren_sweep__-10dB,NON_STATIONARY,IMPULSIVE_SPIKE,HYBRID_PROTECTED,13.38,1.34,0.673,1.02,True
SPK_004__tactical_siren_sweep__-10dB,NON_STATIONARY,IMPULSIVE_SPIKE,NLMS_ONLY,8.91,-1.19,0.634,1.02,True
SPK_004__tank_engine_heldout_rec__+0dB,STATIONARY,MATCHED_REFERENCE,AI_ONLY,2.91,-0.1,0.732,1.02,True
SPK_004__tank_engine_heldout_rec__+0dB,STATIONARY,MATCHED_REFERENCE,HYBRID_PROTECTED,3.9,4.29,0.753,1.03,True
SPK_004__tank_engine_heldout_rec__+0dB,STATIONARY,MATCHED_REFERENCE,NLMS_ONLY,5.63,5.08,0.753,1.03,True
SPK_004__tank_engine_heldout_rec__+0dB,STATIONARY,SPEECH_LEAKAGE,AI_ONLY,2.91,-0.1,0.732,1.02,True
SPK_004__tank_engine_heldout_rec__+0dB,STATIONARY,SPEECH_LEAKAGE,HYBRID_PROTECTED,2.62,1.56,0.744,1.02,True
SPK_004__tank_engine_heldout_rec__+0dB,STATIONARY,SPEECH_LEAKAGE,NLMS_ONLY,4.04,1.95,0.744,1.02,True
SPK_004__tank_engine_heldout_rec__+0dB,STATIONARY,IMPULSIVE_SPIKE,AI_ONLY,1.63,-1.83,0.668,1.02,True
SPK_004__tank_engine_heldout_rec__+0dB,STATIONARY,IMPULSIVE_SPIKE,HYBRID_PROTECTED,3.77,3.51,0.712,1.03,True
SPK_004__tank_engine_heldout_rec__+0dB,STATIONARY,IMPULSIVE_SPIKE,NLMS_ONLY,1.01,0.46,0.68,1.03,True
SPK_004__helicopter_rotor_heldout_rec__+15dB,PERIODIC_ROTOR,MATCHED_REFERENCE,AI_ONLY,-10.07,13.53,0.882,1.42,True
SPK_004__helicopter_rotor_heldout_rec__+15dB,PERIODIC_ROTOR,MATCHED_REFERENCE,HYBRID_PROTECTED,-11.43,11.77,0.923,1.62,True
SPK_004__helicopter_rotor_heldout_rec__+15dB,PERIODIC_ROTOR,MATCHED_REFERENCE,NLMS_ONLY,-4.76,12.54,0.923,1.67,True
SPK_004__helicopter_rotor_heldout_rec__+15dB,PERIODIC_ROTOR,SPEECH_LEAKAGE,AI_ONLY,-10.07,13.53,0.882,1.42,True
SPK_004__helicopter_rotor_heldout_rec__+15dB,PERIODIC_ROTOR,SPEECH_LEAKAGE,HYBRID_PROTECTED,-12.49,6.6,0.895,1.39,True
SPK_004__helicopter_rotor_heldout_rec__+15dB,PERIODIC_ROTOR,SPEECH_LEAKAGE,NLMS_ONLY,-9.17,6.85,0.895,1.41,True
SPK_004__helicopter_rotor_heldout_rec__+15dB,PERIODIC_ROTOR,IMPULSIVE_SPIKE,AI_ONLY,-13.17,2.2,0.793,1.23,True
SPK_004__helicopter_rotor_heldout_rec__+15dB,PERIODIC_ROTOR,IMPULSIVE_SPIKE,HYBRID_PROTECTED,-11.47,9.43,0.878,1.49,True
SPK_004__helicopter_rotor_heldout_rec__+15dB,PERIODIC_ROTOR,IMPULSIVE_SPIKE,NLMS_ONLY,-14.09,-1.23,0.834,1.2,True
SPK_004__gunfire_transient_insas__+0dB,IMPULSIVE_DEFENCE,MATCHED_REFERENCE,AI_ONLY,3.07,0.53,0.81,1.53,True
SPK_004__gunfire_transient_insas__+0dB,IMPULSIVE_DEFENCE,MATCHED_REFERENCE,HYBRID_PROTECTED,4.63,8.25,0.834,1.59,True
SPK_004__gunfire_transient_insas__+0dB,IMPULSIVE_DEFENCE,MATCHED_REFERENCE,NLMS_ONLY,9.22,9.17,0.833,1.63,True
SPK_004__gunfire_transient_insas__+0dB,IMPULSIVE_DEFENCE,SPEECH_LEAKAGE,AI_ONLY,3.07,0.53,0.81,1.53,True
SPK_004__gunfire_transient_insas__+0dB,IMPULSIVE_DEFENCE,SPEECH_LEAKAGE,HYBRID_PROTECTED,2.5,3.9,0.832,1.61,True
SPK_004__gunfire_transient_insas__+0dB,IMPULSIVE_DEFENCE,SPEECH_LEAKAGE,NLMS_ONLY,5.12,4.12,0.83,1.65,True
SPK_004__gunfire_transient_insas__+0dB,IMPULSIVE_DEFENCE,IMPULSIVE_SPIKE,AI_ONLY,1.57,-1.62,0.722,1.34,True
SPK_004__gunfire_transient_insas__+0dB,IMPULSIVE_DEFENCE,IMPULSIVE_SPIKE,HYBRID_PROTECTED,4.55,7.44,0.786,1.47,True
SPK_004__gunfire_transient_insas__+0dB,IMPULSIVE_DEFENCE,IMPULSIVE_SPIKE,NLMS_ONLY,0.76,0.71,0.741,1.34,True
SPK_004__artillery_blast_dhanush__-5dB,IMPULSIVE_DEFENCE,MATCHED_REFERENCE,AI_ONLY,7.92,0.04,0.853,2.15,True
SPK_004__artillery_blast_dhanush__-5dB,IMPULSIVE_DEFENCE,MATCHED_REFERENCE,HYBRID_PROTECTED,9.8,10.45,0.86,2.4,True
SPK_004__artillery_blast_dhanush__-5dB,IMPULSIVE_DEFENCE,MATCHED_REFERENCE,NLMS_ONLY,16.41,11.4,0.86,2.51,True
SPK_004__artillery_blast_dhanush__-5dB,IMPULSIVE_DEFENCE,SPEECH_LEAKAGE,AI_ONLY,7.92,0.04,0.853,2.15,True
SPK_004__artillery_blast_dhanush__-5dB,IMPULSIVE_DEFENCE,SPEECH_LEAKAGE,HYBRID_PROTECTED,7.49,4.87,0.863,2.43,True
SPK_004__artillery_blast_dhanush__-5dB,IMPULSIVE_DEFENCE,SPEECH_LEAKAGE,NLMS_ONLY,10.41,5.09,0.862,2.54,True
SPK_004__artillery_blast_dhanush__-5dB,IMPULSIVE_DEFENCE,IMPULSIVE_SPIKE,AI_ONLY,6.72,-1.71,0.818,1.72,True
SPK_004__artillery_blast_dhanush__-5dB,IMPULSIVE_DEFENCE,IMPULSIVE_SPIKE,HYBRID_PROTECTED,9.72,8.96,0.844,2.38,True
SPK_004__artillery_blast_dhanush__-5dB,IMPULSIVE_DEFENCE,IMPULSIVE_SPIKE,NLMS_ONLY,10.23,5.24,0.826,2.2,True
SPK_005__tank_engine_t90__+0dB,STATIONARY,MATCHED_REFERENCE,AI_ONLY,2.86,-0.21,0.732,1.02,True
SPK_005__tank_engine_t90__+0dB,STATIONARY,MATCHED_REFERENCE,HYBRID_PROTECTED,4.07,4.24,0.746,1.02,True
SPK_005__tank_engine_t90__+0dB,STATIONARY,MATCHED_REFERENCE,NLMS_ONLY,5.21,5.22,0.747,1.03,True
SPK_005__tank_engine_t90__+0dB,STATIONARY,SPEECH_LEAKAGE,AI_ONLY,2.86,-0.21,0.732,1.02,True
SPK_005__tank_engine_t90__+0dB,STATIONARY,SPEECH_LEAKAGE,HYBRID_PROTECTED,3.15,2.88,0.742,1.02,True
SPK_005__tank_engine_t90__+0dB,STATIONARY,SPEECH_LEAKAGE,NLMS_ONLY,4.96,3.51,0.742,1.02,True
SPK_005__tank_engine_t90__+0dB,STATIONARY,IMPULSIVE_SPIKE,AI_ONLY,1.62,-1.89,0.678,1.02,True
SPK_005__tank_engine_t90__+0dB,STATIONARY,IMPULSIVE_SPIKE,HYBRID_PROTECTED,3.95,3.62,0.713,1.02,True
SPK_005__tank_engine_t90__+0dB,STATIONARY,IMPULSIVE_SPIKE,NLMS_ONLY,0.88,0.89,0.684,1.03,True
SPK_005__diesel_idle_apc__-10dB,STATIONARY,MATCHED_REFERENCE,AI_ONLY,10.43,-8.52,0.57,1.01,True
SPK_005__diesel_idle_apc__-10dB,STATIONARY,MATCHED_REFERENCE,HYBRID_PROTECTED,12.28,-1.6,0.631,1.02,True
SPK_005__diesel_idle_apc__-10dB,STATIONARY,MATCHED_REFERENCE,NLMS_ONLY,9.48,-0.66,0.635,1.02,True
SPK_005__diesel_idle_apc__-10dB,STATIONARY,SPEECH_LEAKAGE,AI_ONLY,10.43,-8.52,0.57,1.01,True
SPK_005__diesel_idle_apc__-10dB,STATIONARY,SPEECH_LEAKAGE,HYBRID_PROTECTED,11.76,-3.01,0.617,1.02,True
SPK_005__diesel_idle_apc__-10dB,STATIONARY,SPEECH_LEAKAGE,NLMS_ONLY,9.77,-2.4,0.62,1.02,True
SPK_005__diesel_idle_apc__-10dB,STATIONARY,IMPULSIVE_SPIKE,AI_ONLY,10.37,-8.74,0.545,1.01,True
SPK_005__diesel_idle_apc__-10dB,STATIONARY,IMPULSIVE_SPIKE,HYBRID_PROTECTED,12.24,-1.68,0.605,1.02,True
SPK_005__diesel_idle_apc__-10dB,STATIONARY,IMPULSIVE_SPIKE,NLMS_ONLY,8.6,-1.54,0.588,1.02,True
SPK_005__generator_hum_50hz__+5dB,STATIONARY,MATCHED_REFERENCE,AI_ONLY,-0.91,4.32,0.778,1.03,True
SPK_005__generator_hum_50hz__+5dB,STATIONARY,MATCHED_REFERENCE,HYBRID_PROTECTED,-0.38,8.71,0.791,1.03,True
SPK_005__generator_hum_50hz__+5dB,STATIONARY,MATCHED_REFERENCE,NLMS_ONLY,4.93,9.94,0.792,1.04,True
SPK_005__generator_hum_50hz__+5dB,STATIONARY,SPEECH_LEAKAGE,AI_ONLY,-0.91,4.32,0.778,1.03,True
SPK_005__generator_hum_50hz__+5dB,STATIONARY,SPEECH_LEAKAGE,HYBRID_PROTECTED,-1.7,5.93,0.786,1.03,True
SPK_005__generator_hum_50hz__+5dB,STATIONARY,SPEECH_LEAKAGE,NLMS_ONLY,2.27,6.58,0.786,1.03,True
SPK_005__generator_hum_50hz__+5dB,STATIONARY,IMPULSIVE_SPIKE,AI_ONLY,-3.24,0.45,0.712,1.03,True
SPK_005__generator_hum_50hz__+5dB,STATIONARY,IMPULSIVE_SPIKE,HYBRID_PROTECTED,-0.63,6.14,0.765,1.03,True
SPK_005__generator_hum_50hz__+5dB,STATIONARY,IMPULSIVE_SPIKE,NLMS_ONLY,-3.87,1.14,0.733,1.03,True
SPK_005__helicopter_rotor_dhruv__+0dB,PERIODIC_ROTOR,MATCHED_REFERENCE,AI_ONLY,2.82,-0.31,0.766,1.02,True
SPK_005__helicopter_rotor_dhruv__+0dB,PERIODIC_ROTOR,MATCHED_REFERENCE,HYBRID_PROTECTED,4.55,7.87,0.777,1.04,True
SPK_005__helicopter_rotor_dhruv__+0dB,PERIODIC_ROTOR,MATCHED_REFERENCE,NLMS_ONLY,8.97,8.97,0.778,1.04,True
SPK_005__helicopter_rotor_dhruv__+0dB,PERIODIC_ROTOR,SPEECH_LEAKAGE,AI_ONLY,2.82,-0.31,0.766,1.02,True
SPK_005__helicopter_rotor_dhruv__+0dB,PERIODIC_ROTOR,SPEECH_LEAKAGE,HYBRID_PROTECTED,3.41,5.79,0.774,1.03,True
SPK_005__helicopter_rotor_dhruv__+0dB,PERIODIC_ROTOR,SPEECH_LEAKAGE,NLMS_ONLY,7.29,6.47,0.775,1.03,True
SPK_005__helicopter_rotor_dhruv__+0dB,PERIODIC_ROTOR,IMPULSIVE_SPIKE,AI_ONLY,1.62,-1.94,0.7,1.02,True
SPK_005__helicopter_rotor_dhruv__+0dB,PERIODIC_ROTOR,IMPULSIVE_SPIKE,HYBRID_PROTECTED,4.49,7.17,0.746,1.04,True
SPK_005__helicopter_rotor_dhruv__+0dB,PERIODIC_ROTOR,IMPULSIVE_SPIKE,NLMS_ONLY,0.85,0.85,0.705,1.04,True
SPK_005__propeller_rotor_an32__+10dB,PERIODIC_ROTOR,MATCHED_REFERENCE,AI_ONLY,-5.37,8.88,0.823,1.16,True
SPK_005__propeller_rotor_an32__+10dB,PERIODIC_ROTOR,MATCHED_REFERENCE,HYBRID_PROTECTED,-5.11,16.1,0.849,1.31,True
SPK_005__propeller_rotor_an32__+10dB,PERIODIC_ROTOR,MATCHED_REFERENCE,NLMS_ONLY,8.74,18.74,0.85,1.36,True
SPK_005__propeller_rotor_an32__+10dB,PERIODIC_ROTOR,SPEECH_LEAKAGE,AI_ONLY,-5.37,8.88,0.823,1.16,True
SPK_005__propeller_rotor_an32__+10dB,PERIODIC_ROTOR,SPEECH_LEAKAGE,HYBRID_PROTECTED,-6.89,8.56,0.844,1.19,True
SPK_005__propeller_rotor_an32__+10dB,PERIODIC_ROTOR,SPEECH_LEAKAGE,NLMS_ONLY,-2.06,9.14,0.845,1.21,True
SPK_005__propeller_rotor_an32__+10dB,PERIODIC_ROTOR,IMPULSIVE_SPIKE,AI_ONLY,-8.2,1.7,0.748,1.11,True
SPK_005__propeller_rotor_an32__+10dB,PERIODIC_ROTOR,IMPULSIVE_SPIKE,HYBRID_PROTECTED,-5.24,11.16,0.817,1.27,True
SPK_005__propeller_rotor_an32__+10dB,PERIODIC_ROTOR,IMPULSIVE_SPIKE,NLMS_ONLY,-8.63,1.37,0.774,1.16,True
SPK_005__vehicle_acceleration_track__+10dB,NON_STATIONARY,MATCHED_REFERENCE,AI_ONLY,-5.37,8.91,0.808,1.05,True
SPK_005__vehicle_acceleration_track__+10dB,NON_STATIONARY,MATCHED_REFERENCE,HYBRID_PROTECTED,-5.17,13.15,0.828,1.1,True
SPK_005__vehicle_acceleration_track__+10dB,NON_STATIONARY,MATCHED_REFERENCE,NLMS_ONLY,4.92,14.92,0.829,1.12,True
SPK_005__vehicle_acceleration_track__+10dB,NON_STATIONARY,SPEECH_LEAKAGE,AI_ONLY,-5.37,8.91,0.808,1.05,True
SPK_005__vehicle_acceleration_track__+10dB,NON_STATIONARY,SPEECH_LEAKAGE,HYBRID_PROTECTED,-6.83,7.81,0.819,1.06,True
SPK_005__vehicle_acceleration_track__+10dB,NON_STATIONARY,SPEECH_LEAKAGE,NLMS_ONLY,-2.14,8.4,0.819,1.07,True
SPK_005__vehicle_acceleration_track__+10dB,NON_STATIONARY,IMPULSIVE_SPIKE,AI_ONLY,-8.21,1.68,0.734,1.04,True
SPK_005__vehicle_acceleration_track__+10dB,NON_STATIONARY,IMPULSIVE_SPIKE,HYBRID_PROTECTED,-5.39,8.49,0.801,1.08,True
SPK_005__vehicle_acceleration_track__+10dB,NON_STATIONARY,IMPULSIVE_SPIKE,NLMS_ONLY,-8.69,1.32,0.767,1.07,True
SPK_005__tactical_siren_sweep__-5dB,NON_STATIONARY,MATCHED_REFERENCE,AI_ONLY,5.61,-4.65,0.726,1.02,True
SPK_005__tactical_siren_sweep__-5dB,NON_STATIONARY,MATCHED_REFERENCE,HYBRID_PROTECTED,9.11,4.47,0.737,1.03,True
SPK_005__tactical_siren_sweep__-5dB,NON_STATIONARY,MATCHED_REFERENCE,NLMS_ONLY,10.41,5.41,0.738,1.03,True
SPK_005__tactical_siren_sweep__-5dB,NON_STATIONARY,SPEECH_LEAKAGE,AI_ONLY,5.61,-4.65,0.726,1.02,True
SPK_005__tactical_siren_sweep__-5dB,NON_STATIONARY,SPEECH_LEAKAGE,HYBRID_PROTECTED,8.31,3.34,0.735,1.02,True
SPK_005__tactical_siren_sweep__-5dB,NON_STATIONARY,SPEECH_LEAKAGE,NLMS_ONLY,10.27,4.0,0.735,1.03,True
SPK_005__tactical_siren_sweep__-5dB,NON_STATIONARY,IMPULSIVE_SPIKE,AI_ONLY,6.14,-5.24,0.671,1.02,True
SPK_005__tactical_siren_sweep__-5dB,NON_STATIONARY,IMPULSIVE_SPIKE,HYBRID_PROTECTED,9.06,4.18,0.709,1.03,True
SPK_005__tactical_siren_sweep__-5dB,NON_STATIONARY,IMPULSIVE_SPIKE,NLMS_ONLY,5.1,0.1,0.671,1.03,True
SPK_005__tank_engine_heldout_rec__+5dB,STATIONARY,MATCHED_REFERENCE,AI_ONLY,-0.91,4.32,0.778,1.03,True
SPK_005__tank_engine_heldout_rec__+5dB,STATIONARY,MATCHED_REFERENCE,HYBRID_PROTECTED,-0.9,8.08,0.791,1.03,True
SPK_005__tank_engine_heldout_rec__+5dB,STATIONARY,MATCHED_REFERENCE,NLMS_ONLY,4.64,9.14,0.791,1.03,True
SPK_005__tank_engine_heldout_rec__+5dB,STATIONARY,SPEECH_LEAKAGE,AI_ONLY,-0.91,4.32,0.778,1.03,True
SPK_005__tank_engine_heldout_rec__+5dB,STATIONARY,SPEECH_LEAKAGE,HYBRID_PROTECTED,-2.32,3.91,0.781,1.03,True
SPK_005__tank_engine_heldout_rec__+5dB,STATIONARY,SPEECH_LEAKAGE,NLMS_ONLY,0.45,4.32,0.781,1.03,True
SPK_005__tank_engine_heldout_rec__+5dB,STATIONARY,IMPULSIVE_SPIKE,AI_ONLY,-3.24,0.45,0.712,1.03,True
SPK_005__tank_engine_heldout_rec__+5dB,STATIONARY,IMPULSIVE_SPIKE,HYBRID_PROTECTED,-1.14,5.28,0.764,1.03,True
SPK_005__tank_engine_heldout_rec__+5dB,STATIONARY,IMPULSIVE_SPIKE,NLMS_ONLY,-3.96,0.14,0.733,1.03,True
SPK_005__helicopter_rotor_heldout_rec__+10dB,PERIODIC_ROTOR,MATCHED_REFERENCE,AI_ONLY,-5.37,8.88,0.823,1.16,True
SPK_005__helicopter_rotor_heldout_rec__+10dB,PERIODIC_ROTOR,MATCHED_REFERENCE,HYBRID_PROTECTED,-6.16,12.15,0.859,1.27,True
SPK_005__helicopter_rotor_heldout_rec__+10dB,PERIODIC_ROTOR,MATCHED_REFERENCE,NLMS_ONLY,1.74,13.4,0.86,1.32,True
SPK_005__helicopter_rotor_heldout_rec__+10dB,PERIODIC_ROTOR,SPEECH_LEAKAGE,AI_ONLY,-5.37,8.88,0.823,1.16,True
SPK_005__helicopter_rotor_heldout_rec__+10dB,PERIODIC_ROTOR,SPEECH_LEAKAGE,HYBRID_PROTECTED,-7.38,6.37,0.834,1.14,True
SPK_005__helicopter_rotor_heldout_rec__+10dB,PERIODIC_ROTOR,SPEECH_LEAKAGE,NLMS_ONLY,-3.89,6.73,0.834,1.16,True
SPK_005__helicopter_rotor_heldout_rec__+10dB,PERIODIC_ROTOR,IMPULSIVE_SPIKE,AI_ONLY,-8.2,1.7,0.748,1.11,True
SPK_005__helicopter_rotor_heldout_rec__+10dB,PERIODIC_ROTOR,IMPULSIVE_SPIKE,HYBRID_PROTECTED,-6.24,9.51,0.828,1.25,True
SPK_005__helicopter_rotor_heldout_rec__+10dB,PERIODIC_ROTOR,IMPULSIVE_SPIKE,NLMS_ONLY,-8.86,-0.5,0.784,1.14,True
SPK_005__gunfire_transient_insas__+10dB,IMPULSIVE_DEFENCE,MATCHED_REFERENCE,AI_ONLY,-5.36,9.09,0.888,1.87,False
SPK_005__gunfire_transient_insas__+10dB,IMPULSIVE_DEFENCE,MATCHED_REFERENCE,HYBRID_PROTECTED,-5.15,13.65,0.885,1.85,False
SPK_005__gunfire_transient_insas__+10dB,IMPULSIVE_DEFENCE,MATCHED_REFERENCE,NLMS_ONLY,5.42,15.45,0.885,1.91,False
SPK_005__gunfire_transient_insas__+10dB,IMPULSIVE_DEFENCE,SPEECH_LEAKAGE,AI_ONLY,-5.36,9.09,0.888,1.87,True
SPK_005__gunfire_transient_insas__+10dB,IMPULSIVE_DEFENCE,SPEECH_LEAKAGE,HYBRID_PROTECTED,-7.3,6.53,0.894,1.83,True
SPK_005__gunfire_transient_insas__+10dB,IMPULSIVE_DEFENCE,SPEECH_LEAKAGE,NLMS_ONLY,-3.69,6.84,0.894,1.89,True
SPK_005__gunfire_transient_insas__+10dB,IMPULSIVE_DEFENCE,IMPULSIVE_SPIKE,AI_ONLY,-8.23,1.64,0.802,1.5,True
SPK_005__gunfire_transient_insas__+10dB,IMPULSIVE_DEFENCE,IMPULSIVE_SPIKE,HYBRID_PROTECTED,-5.23,11.35,0.839,1.68,True
SPK_005__gunfire_transient_insas__+10dB,IMPULSIVE_DEFENCE,IMPULSIVE_SPIKE,NLMS_ONLY,-8.61,1.4,0.797,1.46,True
SPK_005__artillery_blast_dhanush__-10dB,IMPULSIVE_DEFENCE,MATCHED_REFERENCE,AI_ONLY,12.66,-0.58,0.853,2.28,True
SPK_005__artillery_blast_dhanush__-10dB,IMPULSIVE_DEFENCE,MATCHED_REFERENCE,HYBRID_PROTECTED,14.72,10.81,0.863,2.44,True
SPK_005__artillery_blast_dhanush__-10dB,IMPULSIVE_DEFENCE,MATCHED_REFERENCE,NLMS_ONLY,21.82,11.79,0.861,2.54,True
SPK_005__artillery_blast_dhanush__-10dB,IMPULSIVE_DEFENCE,SPEECH_LEAKAGE,AI_ONLY,12.66,-0.58,0.853,2.28,True
SPK_005__artillery_blast_dhanush__-10dB,IMPULSIVE_DEFENCE,SPEECH_LEAKAGE,HYBRID_PROTECTED,12.65,5.59,0.867,2.48,True
SPK_005__artillery_blast_dhanush__-10dB,IMPULSIVE_DEFENCE,SPEECH_LEAKAGE,NLMS_ONLY,15.96,5.89,0.866,2.58,True
SPK_005__artillery_blast_dhanush__-10dB,IMPULSIVE_DEFENCE,IMPULSIVE_SPIKE,AI_ONLY,11.71,-2.12,0.821,1.82,True
SPK_005__artillery_blast_dhanush__-10dB,IMPULSIVE_DEFENCE,IMPULSIVE_SPIKE,HYBRID_PROTECTED,14.64,9.21,0.842,2.42,True
SPK_005__artillery_blast_dhanush__-10dB,IMPULSIVE_DEFENCE,IMPULSIVE_SPIKE,NLMS_ONLY,15.53,5.51,0.824,2.39,True
SPK_006__tank_engine_t90__+5dB,STATIONARY,MATCHED_REFERENCE,AI_ONLY,-0.93,4.31,0.767,1.03,True
SPK_006__tank_engine_t90__+5dB,STATIONARY,MATCHED_REFERENCE,HYBRID_PROTECTED,-0.4,8.72,0.78,1.03,True
SPK_006__tank_engine_t90__+5dB,STATIONARY,MATCHED_REFERENCE,NLMS_ONLY,4.97,9.96,0.781,1.04,True
SPK_006__tank_engine_t90__+5dB,STATIONARY,SPEECH_LEAKAGE,AI_ONLY,-0.93,4.31,0.767,1.03,True
SPK_006__tank_engine_t90__+5dB,STATIONARY,SPEECH_LEAKAGE,HYBRID_PROTECTED,-1.67,6.1,0.778,1.03,True
SPK_006__tank_engine_t90__+5dB,STATIONARY,SPEECH_LEAKAGE,NLMS_ONLY,2.44,6.8,0.779,1.03,True
SPK_006__tank_engine_t90__+5dB,STATIONARY,IMPULSIVE_SPIKE,AI_ONLY,-3.24,0.55,0.728,1.03,True
SPK_006__tank_engine_t90__+5dB,STATIONARY,IMPULSIVE_SPIKE,HYBRID_PROTECTED,-0.63,6.29,0.757,1.03,True
SPK_006__tank_engine_t90__+5dB,STATIONARY,IMPULSIVE_SPIKE,NLMS_ONLY,-3.56,1.44,0.731,1.04,True
SPK_006__diesel_idle_apc__+0dB,STATIONARY,MATCHED_REFERENCE,AI_ONLY,2.85,-0.22,0.712,1.02,True
SPK_006__diesel_idle_apc__+0dB,STATIONARY,MATCHED_REFERENCE,HYBRID_PROTECTED,4.08,4.36,0.728,1.02,True
SPK_006__diesel_idle_apc__+0dB,STATIONARY,MATCHED_REFERENCE,NLMS_ONLY,5.39,5.37,0.73,1.03,True
SPK_006__diesel_idle_apc__+0dB,STATIONARY,SPEECH_LEAKAGE,AI_ONLY,2.85,-0.22,0.712,1.02,True
SPK_006__diesel_idle_apc__+0dB,STATIONARY,SPEECH_LEAKAGE,HYBRID_PROTECTED,3.19,3.12,0.728,1.02,True
SPK_006__diesel_idle_apc__+0dB,STATIONARY,SPEECH_LEAKAGE,NLMS_ONLY,5.19,3.8,0.728,1.02,True
SPK_006__diesel_idle_apc__+0dB,STATIONARY,IMPULSIVE_SPIKE,AI_ONLY,1.62,-1.84,0.685,1.02,True
SPK_006__diesel_idle_apc__+0dB,STATIONARY,IMPULSIVE_SPIKE,HYBRID_PROTECTED,3.98,3.81,0.709,1.02,True
SPK_006__diesel_idle_apc__+0dB,STATIONARY,IMPULSIVE_SPIKE,NLMS_ONLY,1.27,1.26,0.685,1.03,True
SPK_006__generator_hum_50hz__+15dB,STATIONARY,MATCHED_REFERENCE,AI_ONLY,-10.18,13.3,0.82,1.17,True
SPK_006__generator_hum_50hz__+15dB,STATIONARY,MATCHED_REFERENCE,HYBRID_PROTECTED,-10.12,16.99,0.855,1.28,True
SPK_006__generator_hum_50hz__+15dB,STATIONARY,MATCHED_REFERENCE,NLMS_ONLY,5.01,20.01,0.856,1.32,True
SPK_006__generator_hum_50hz__+15dB,STATIONARY,SPEECH_LEAKAGE,AI_ONLY,-10.18,13.3,0.82,1.17,True
SPK_006__generator_hum_50hz__+15dB,STATIONARY,SPEECH_LEAKAGE,HYBRID_PROTECTED,-11.96,8.59,0.836,1.18,True
SPK_006__generator_hum_50hz__+15dB,STATIONARY,SPEECH_LEAKAGE,NLMS_ONLY,-7.26,9.11,0.837,1.2,True
SPK_006__generator_hum_50hz__+15dB,STATIONARY,IMPULSIVE_SPIKE,AI_ONLY,-13.19,2.36,0.765,1.12,True
SPK_006__generator_hum_50hz__+15dB,STATIONARY,IMPULSIVE_SPIKE,HYBRID_PROTECTED,-10.26,11.08,0.822,1.21,True
SPK_006__generator_hum_50hz__+15dB,STATIONARY,IMPULSIVE_SPIKE,NLMS_ONLY,-13.29,1.71,0.789,1.16,True
SPK_006__helicopter_rotor_dhruv__+15dB,PERIODIC_ROTOR,MATCHED_REFERENCE,AI_ONLY,-10.18,13.28,0.851,1.35,True
SPK_006__helicopter_rotor_dhruv__+15dB,PERIODIC_ROTOR,MATCHED_REFERENCE,HYBRID_PROTECTED,-10.09,19.09,0.885,1.63,True
SPK_006__helicopter_rotor_dhruv__+15dB,PERIODIC_ROTOR,MATCHED_REFERENCE,NLMS_ONLY,8.97,23.97,0.886,1.7,True
SPK_006__helicopter_rotor_dhruv__+15dB,PERIODIC_ROTOR,SPEECH_LEAKAGE,AI_ONLY,-10.18,13.28,0.851,1.35,True
SPK_006__helicopter_rotor_dhruv__+15dB,PERIODIC_ROTOR,SPEECH_LEAKAGE,HYBRID_PROTECTED,-12.01,8.87,0.867,1.41,True
SPK_006__helicopter_rotor_dhruv__+15dB,PERIODIC_ROTOR,SPEECH_LEAKAGE,NLMS_ONLY,-7.33,9.38,0.868,1.44,True
SPK_006__helicopter_rotor_dhruv__+15dB,PERIODIC_ROTOR,IMPULSIVE_SPIKE,AI_ONLY,-13.19,2.37,0.792,1.21,True
SPK_006__helicopter_rotor_dhruv__+15dB,PERIODIC_ROTOR,IMPULSIVE_SPIKE,HYBRID_PROTECTED,-10.22,11.84,0.859,1.48,True
SPK_006__helicopter_rotor_dhruv__+15dB,PERIODIC_ROTOR,IMPULSIVE_SPIKE,NLMS_ONLY,-13.38,1.63,0.821,1.27,True
SPK_006__propeller_rotor_an32__-10dB,PERIODIC_ROTOR,MATCHED_REFERENCE,AI_ONLY,7.77,-8.72,0.633,1.01,True
SPK_006__propeller_rotor_an32__-10dB,PERIODIC_ROTOR,MATCHED_REFERENCE,HYBRID_PROTECTED,13.37,1.47,0.65,1.02,True
SPK_006__propeller_rotor_an32__-10dB,PERIODIC_ROTOR,MATCHED_REFERENCE,NLMS_ONLY,12.54,2.38,0.652,1.02,True
SPK_006__propeller_rotor_an32__-10dB,PERIODIC_ROTOR,SPEECH_LEAKAGE,AI_ONLY,7.77,-8.72,0.633,1.01,True
SPK_006__propeller_rotor_an32__-10dB,PERIODIC_ROTOR,SPEECH_LEAKAGE,HYBRID_PROTECTED,12.87,0.65,0.647,1.02,True
SPK_006__propeller_rotor_an32__-10dB,PERIODIC_ROTOR,SPEECH_LEAKAGE,NLMS_ONLY,12.73,1.34,0.649,1.02,True
SPK_006__propeller_rotor_an32__-10dB,PERIODIC_ROTOR,IMPULSIVE_SPIKE,AI_ONLY,9.94,-8.91,0.612,1.01,True
SPK_006__propeller_rotor_an32__-10dB,PERIODIC_ROTOR,IMPULSIVE_SPIKE,HYBRID_PROTECTED,13.31,1.25,0.634,1.02,True
SPK_006__propeller_rotor_an32__-10dB,PERIODIC_ROTOR,IMPULSIVE_SPIKE,NLMS_ONLY,9.15,-1.01,0.612,1.02,True
SPK_006__vehicle_acceleration_track__+10dB,NON_STATIONARY,MATCHED_REFERENCE,AI_ONLY,-5.38,8.91,0.797,1.05,True
SPK_006__vehicle_acceleration_track__+10dB,NON_STATIONARY,MATCHED_REFERENCE,HYBRID_PROTECTED,-5.19,13.22,0.816,1.1,True
SPK_006__vehicle_acceleration_track__+10dB,NON_STATIONARY,MATCHED_REFERENCE,NLMS_ONLY,5.0,14.99,0.817,1.13,True
SPK_006__vehicle_acceleration_track__+10dB,NON_STATIONARY,SPEECH_LEAKAGE,AI_ONLY,-5.38,8.91,0.797,1.05,True
SPK_006__vehicle_acceleration_track__+10dB,NON_STATIONARY,SPEECH_LEAKAGE,HYBRID_PROTECTED,-6.78,8.06,0.81,1.06,True
SPK_006__vehicle_acceleration_track__+10dB,NON_STATIONARY,SPEECH_LEAKAGE,NLMS_ONLY,-1.9,8.7,0.81,1.07,True
SPK_006__vehicle_acceleration_track__+10dB,NON_STATIONARY,IMPULSIVE_SPIKE,AI_ONLY,-8.2,1.83,0.749,1.05,True
SPK_006__vehicle_acceleration_track__+10dB,NON_STATIONARY,IMPULSIVE_SPIKE,HYBRID_PROTECTED,-5.43,8.24,0.788,1.08,True
SPK_006__vehicle_acceleration_track__+10dB,NON_STATIONARY,IMPULSIVE_SPIKE,NLMS_ONLY,-8.5,1.5,0.76,1.08,True
SPK_006__tactical_siren_sweep__-10dB,NON_STATIONARY,MATCHED_REFERENCE,AI_ONLY,7.77,-8.72,0.633,1.01,True
SPK_006__tactical_siren_sweep__-10dB,NON_STATIONARY,MATCHED_REFERENCE,HYBRID_PROTECTED,13.37,1.47,0.65,1.02,True
SPK_006__tactical_siren_sweep__-10dB,NON_STATIONARY,MATCHED_REFERENCE,NLMS_ONLY,12.54,2.38,0.652,1.02,True
SPK_006__tactical_siren_sweep__-10dB,NON_STATIONARY,SPEECH_LEAKAGE,AI_ONLY,7.77,-8.72,0.633,1.01,True
SPK_006__tactical_siren_sweep__-10dB,NON_STATIONARY,SPEECH_LEAKAGE,HYBRID_PROTECTED,12.87,0.65,0.647,1.02,True
SPK_006__tactical_siren_sweep__-10dB,NON_STATIONARY,SPEECH_LEAKAGE,NLMS_ONLY,12.73,1.34,0.649,1.02,True
SPK_006__tactical_siren_sweep__-10dB,NON_STATIONARY,IMPULSIVE_SPIKE,AI_ONLY,9.94,-8.91,0.612,1.01,True
SPK_006__tactical_siren_sweep__-10dB,NON_STATIONARY,IMPULSIVE_SPIKE,HYBRID_PROTECTED,13.31,1.25,0.634,1.02,True
SPK_006__tactical_siren_sweep__-10dB,NON_STATIONARY,IMPULSIVE_SPIKE,NLMS_ONLY,9.15,-1.01,0.612,1.02,True
SPK_006__tank_engine_heldout_rec__+5dB,STATIONARY,MATCHED_REFERENCE,AI_ONLY,-0.93,4.31,0.767,1.03,True
SPK_006__tank_engine_heldout_rec__+5dB,STATIONARY,MATCHED_REFERENCE,HYBRID_PROTECTED,-0.86,8.19,0.781,1.03,True
SPK_006__tank_engine_heldout_rec__+5dB,STATIONARY,MATCHED_REFERENCE,NLMS_ONLY,4.76,9.28,0.781,1.04,True
SPK_006__tank_engine_heldout_rec__+5dB,STATIONARY,SPEECH_LEAKAGE,AI_ONLY,-0.93,4.31,0.767,1.03,True
SPK_006__tank_engine_heldout_rec__+5dB,STATIONARY,SPEECH_LEAKAGE,HYBRID_PROTECTED,-2.31,4.0,0.774,1.03,True
SPK_006__tank_engine_heldout_rec__+5dB,STATIONARY,SPEECH_LEAKAGE,NLMS_ONLY,0.51,4.42,0.774,1.03,True
SPK_006__tank_engine_heldout_rec__+5dB,STATIONARY,IMPULSIVE_SPIKE,AI_ONLY,-3.24,0.55,0.728,1.03,True
SPK_006__tank_engine_heldout_rec__+5dB,STATIONARY,IMPULSIVE_SPIKE,HYBRID_PROTECTED,-1.09,5.53,0.754,1.03,True
SPK_006__tank_engine_heldout_rec__+5dB,STATIONARY,IMPULSIVE_SPIKE,NLMS_ONLY,-3.64,0.54,0.726,1.03,True
SPK_006__helicopter_rotor_heldout_rec__+5dB,PERIODIC_ROTOR,MATCHED_REFERENCE,AI_ONLY,-0.93,4.26,0.785,1.05,True
SPK_006__helicopter_rotor_heldout_rec__+5dB,PERIODIC_ROTOR,MATCHED_REFERENCE,HYBRID_PROTECTED,-0.84,10.99,0.8,1.1,True
SPK_006__helicopter_rotor_heldout_rec__+5dB,PERIODIC_ROTOR,MATCHED_REFERENCE,NLMS_ONLY,7.24,12.32,0.801,1.12,True
SPK_006__helicopter_rotor_heldout_rec__+5dB,PERIODIC_ROTOR,SPEECH_LEAKAGE,AI_ONLY,-0.93,4.26,0.785,1.05,True
SPK_006__helicopter_rotor_heldout_rec__+5dB,PERIODIC_ROTOR,SPEECH_LEAKAGE,HYBRID_PROTECTED,-2.24,5.7,0.789,1.05,True
SPK_006__helicopter_rotor_heldout_rec__+5dB,PERIODIC_ROTOR,SPEECH_LEAKAGE,NLMS_ONLY,1.23,6.12,0.789,1.06,True
SPK_006__helicopter_rotor_heldout_rec__+5dB,PERIODIC_ROTOR,IMPULSIVE_SPIKE,AI_ONLY,-3.23,0.57,0.736,1.04,True
SPK_006__helicopter_rotor_heldout_rec__+5dB,PERIODIC_ROTOR,IMPULSIVE_SPIKE,HYBRID_PROTECTED,-0.91,8.97,0.782,1.1,True
SPK_006__helicopter_rotor_heldout_rec__+5dB,PERIODIC_ROTOR,IMPULSIVE_SPIKE,NLMS_ONLY,-3.65,0.35,0.742,1.08,True
SPK_006__gunfire_transient_insas__-10dB,IMPULSIVE_DEFENCE,MATCHED_REFERENCE,AI_ONLY,11.42,-3.14,0.735,1.47,True
SPK_006__gunfire_transient_insas__-10dB,IMPULSIVE_DEFENCE,MATCHED_REFERENCE,HYBRID_PROTECTED,14.39,7.48,0.749,1.52,True
SPK_006__gunfire_transient_insas__-10dB,IMPULSIVE_DEFENCE,MATCHED_REFERENCE,NLMS_ONLY,18.57,8.39,0.748,1.56,True
SPK_006__gunfire_transient_insas__-10dB,IMPULSIVE_DEFENCE,SPEECH_LEAKAGE,AI_ONLY,11.42,-3.14,0.735,1.47,True
SPK_006__gunfire_transient_insas__-10dB,IMPULSIVE_DEFENCE,SPEECH_LEAKAGE,HYBRID_PROTECTED,12.55,3.55,0.745,1.55,True
SPK_006__gunfire_transient_insas__-10dB,IMPULSIVE_DEFENCE,SPEECH_LEAKAGE,NLMS_ONLY,15.11,3.87,0.744,1.55,True
SPK_006__gunfire_transient_insas__-10dB,IMPULSIVE_DEFENCE,IMPULSIVE_SPIKE,AI_ONLY,11.24,-4.17,0.684,1.33,True
SPK_006__gunfire_transient_insas__-10dB,IMPULSIVE_DEFENCE,IMPULSIVE_SPIKE,HYBRID_PROTECTED,14.33,6.81,0.726,1.44,True
SPK_006__gunfire_transient_insas__-10dB,IMPULSIVE_DEFENCE,IMPULSIVE_SPIKE,NLMS_ONLY,10.95,0.76,0.691,1.35,True
SPK_006__artillery_blast_dhanush__+10dB,IMPULSIVE_DEFENCE,MATCHED_REFERENCE,AI_ONLY,-5.37,9.15,0.915,2.48,False
SPK_006__artillery_blast_dhanush__+10dB,IMPULSIVE_DEFENCE,MATCHED_REFERENCE,HYBRID_PROTECTED,-5.15,14.45,0.914,2.46,False
SPK_006__artillery_blast_dhanush__+10dB,IMPULSIVE_DEFENCE,MATCHED_REFERENCE,NLMS_ONLY,6.36,16.36,0.913,2.59,False
SPK_006__artillery_blast_dhanush__+10dB,IMPULSIVE_DEFENCE,SPEECH_LEAKAGE,AI_ONLY,-5.37,9.15,0.915,2.48,True
SPK_006__artillery_blast_dhanush__+10dB,IMPULSIVE_DEFENCE,SPEECH_LEAKAGE,HYBRID_PROTECTED,-7.26,7.1,0.92,2.62,True
SPK_006__artillery_blast_dhanush__+10dB,IMPULSIVE_DEFENCE,SPEECH_LEAKAGE,NLMS_ONLY,-3.44,7.45,0.919,2.63,True
SPK_006__artillery_blast_dhanush__+10dB,IMPULSIVE_DEFENCE,IMPULSIVE_SPIKE,AI_ONLY,-8.18,1.89,0.867,1.91,True
SPK_006__artillery_blast_dhanush__+10dB,IMPULSIVE_DEFENCE,IMPULSIVE_SPIKE,HYBRID_PROTECTED,-5.32,9.86,0.869,2.31,True
SPK_006__artillery_blast_dhanush__+10dB,IMPULSIVE_DEFENCE,IMPULSIVE_SPIKE,NLMS_ONLY,-4.82,5.19,0.85,2.17,True
SPK_007__tank_engine_t90__-5dB,STATIONARY,MATCHED_REFERENCE,AI_ONLY,5.64,-4.53,0.712,1.02,True
SPK_007__tank_engine_t90__-5dB,STATIONARY,MATCHED_REFERENCE,HYBRID_PROTECTED,8.06,0.53,0.732,1.02,True
SPK_007__tank_engine_t90__-5dB,STATIONARY,MATCHED_REFERENCE,NLMS_ONLY,6.81,1.2,0.734,1.02,True
SPK_007__tank_engine_t90__-5dB,STATIONARY,SPEECH_LEAKAGE,AI_ONLY,5.64,-4.53,0.712,1.02,True
SPK_007__tank_engine_t90__-5dB,STATIONARY,SPEECH_LEAKAGE,HYBRID_PROTECTED,7.12,-1.64,0.725,1.02,True
SPK_007__tank_engine_t90__-5dB,STATIONARY,SPEECH_LEAKAGE,NLMS_ONLY,6.4,-1.25,0.725,1.02,True
SPK_007__tank_engine_t90__-5dB,STATIONARY,IMPULSIVE_SPIKE,AI_ONLY,6.12,-5.33,0.678,1.02,True
SPK_007__tank_engine_t90__-5dB,STATIONARY,IMPULSIVE_SPIKE,HYBRID_PROTECTED,7.92,0.13,0.715,1.02,True
SPK_007__tank_engine_t90__-5dB,STATIONARY,IMPULSIVE_SPIKE,NLMS_ONLY,4.32,-1.38,0.685,1.02,True
SPK_007__diesel_idle_apc__-5dB,STATIONARY,MATCHED_REFERENCE,AI_ONLY,5.64,-4.53,0.712,1.02,True
SPK_007__diesel_idle_apc__-5dB,STATIONARY,MATCHED_REFERENCE,HYBRID_PROTECTED,8.06,0.53,0.732,1.02,True
SPK_007__diesel_idle_apc__-5dB,STATIONARY,MATCHED_REFERENCE,NLMS_ONLY,6.81,1.2,0.734,1.02,True
SPK_007__diesel_idle_apc__-5dB,STATIONARY,SPEECH_LEAKAGE,AI_ONLY,5.64,-4.53,0.712,1.02,True
SPK_007__diesel_idle_apc__-5dB,STATIONARY,SPEECH_LEAKAGE,HYBRID_PROTECTED,7.12,-1.64,0.725,1.02,True
SPK_007__diesel_idle_apc__-5dB,STATIONARY,SPEECH_LEAKAGE,NLMS_ONLY,6.4,-1.25,0.725,1.02,True
SPK_007__diesel_idle_apc__-5dB,STATIONARY,IMPULSIVE_SPIKE,AI_ONLY,6.12,-5.33,0.678,1.02,True
SPK_007__diesel_idle_apc__-5dB,STATIONARY,IMPULSIVE_SPIKE,HYBRID_PROTECTED,7.92,0.13,0.715,1.02,True
SPK_007__diesel_idle_apc__-5dB,STATIONARY,IMPULSIVE_SPIKE,NLMS_ONLY,4.32,-1.38,0.685,1.02,True
SPK_007__generator_hum_50hz__+5dB,STATIONARY,MATCHED_REFERENCE,AI_ONLY,-0.8,4.45,0.799,1.03,True
SPK_007__generator_hum_50hz__+5dB,STATIONARY,MATCHED_REFERENCE,HYBRID_PROTECTED,-0.77,8.31,0.818,1.03,True
SPK_007__generator_hum_50hz__+5dB,STATIONARY,MATCHED_REFERENCE,NLMS_ONLY,4.67,9.18,0.819,1.03,True
SPK_007__generator_hum_50hz__+5dB,STATIONARY,SPEECH_LEAKAGE,AI_ONLY,-0.8,4.45,0.799,1.03,True
SPK_007__generator_hum_50hz__+5dB,STATIONARY,SPEECH_LEAKAGE,HYBRID_PROTECTED,-2.13,4.61,0.81,1.03,True
SPK_007__generator_hum_50hz__+5dB,STATIONARY,SPEECH_LEAKAGE,NLMS_ONLY,0.94,5.02,0.81,1.03,True
SPK_007__generator_hum_50hz__+5dB,STATIONARY,IMPULSIVE_SPIKE,AI_ONLY,-3.26,-0.16,0.74,1.03,True
SPK_007__generator_hum_50hz__+5dB,STATIONARY,IMPULSIVE_SPIKE,HYBRID_PROTECTED,-1.11,4.81,0.782,1.03,True
SPK_007__generator_hum_50hz__+5dB,STATIONARY,IMPULSIVE_SPIKE,NLMS_ONLY,-5.04,-0.93,0.748,1.03,True
SPK_007__helicopter_rotor_dhruv__+10dB,PERIODIC_ROTOR,MATCHED_REFERENCE,AI_ONLY,-5.22,9.1,0.884,1.21,True
SPK_007__helicopter_rotor_dhruv__+10dB,PERIODIC_ROTOR,MATCHED_REFERENCE,HYBRID_PROTECTED,-6.04,13.23,0.921,1.28,True
SPK_007__helicopter_rotor_dhruv__+10dB,PERIODIC_ROTOR,MATCHED_REFERENCE,NLMS_ONLY,2.26,14.34,0.922,1.3,True
SPK_007__helicopter_rotor_dhruv__+10dB,PERIODIC_ROTOR,SPEECH_LEAKAGE,AI_ONLY,-5.22,9.1,0.884,1.21,True
SPK_007__helicopter_rotor_dhruv__+10dB,PERIODIC_ROTOR,SPEECH_LEAKAGE,HYBRID_PROTECTED,-7.28,7.4,0.902,1.17,True
SPK_007__helicopter_rotor_dhruv__+10dB,PERIODIC_ROTOR,SPEECH_LEAKAGE,NLMS_ONLY,-3.5,7.75,0.902,1.18,True
SPK_007__helicopter_rotor_dhruv__+10dB,PERIODIC_ROTOR,IMPULSIVE_SPIKE,AI_ONLY,-8.2,0.89,0.81,1.14,True
SPK_007__helicopter_rotor_dhruv__+10dB,PERIODIC_ROTOR,IMPULSIVE_SPIKE,HYBRID_PROTECTED,-6.21,8.23,0.886,1.22,True
SPK_007__helicopter_rotor_dhruv__+10dB,PERIODIC_ROTOR,IMPULSIVE_SPIKE,NLMS_ONLY,-10.04,-1.72,0.84,1.11,True
SPK_007__propeller_rotor_an32__+10dB,PERIODIC_ROTOR,MATCHED_REFERENCE,AI_ONLY,-5.22,9.1,0.884,1.21,True
SPK_007__propeller_rotor_an32__+10dB,PERIODIC_ROTOR,MATCHED_REFERENCE,HYBRID_PROTECTED,-6.04,13.23,0.921,1.28,True
SPK_007__propeller_rotor_an32__+10dB,PERIODIC_ROTOR,MATCHED_REFERENCE,NLMS_ONLY,2.26,14.34,0.922,1.3,True
SPK_007__propeller_rotor_an32__+10dB,PERIODIC_ROTOR,SPEECH_LEAKAGE,AI_ONLY,-5.22,9.1,0.884,1.21,True
SPK_007__propeller_rotor_an32__+10dB,PERIODIC_ROTOR,SPEECH_LEAKAGE,HYBRID_PROTECTED,-7.28,7.4,0.902,1.17,True
SPK_007__propeller_rotor_an32__+10dB,PERIODIC_ROTOR,SPEECH_LEAKAGE,NLMS_ONLY,-3.5,7.75,0.902,1.18,True
SPK_007__propeller_rotor_an32__+10dB,PERIODIC_ROTOR,IMPULSIVE_SPIKE,AI_ONLY,-8.2,0.89,0.81,1.14,True
SPK_007__propeller_rotor_an32__+10dB,PERIODIC_ROTOR,IMPULSIVE_SPIKE,HYBRID_PROTECTED,-6.21,8.23,0.886,1.22,True
SPK_007__propeller_rotor_an32__+10dB,PERIODIC_ROTOR,IMPULSIVE_SPIKE,NLMS_ONLY,-10.04,-1.72,0.84,1.11,True
SPK_007__vehicle_acceleration_track__+10dB,NON_STATIONARY,MATCHED_REFERENCE,AI_ONLY,-5.23,9.12,0.84,1.05,True
SPK_007__vehicle_acceleration_track__+10dB,NON_STATIONARY,MATCHED_REFERENCE,HYBRID_PROTECTED,-5.9,11.73,0.87,1.06,True
SPK_007__vehicle_acceleration_track__+10dB,NON_STATIONARY,MATCHED_REFERENCE,NLMS_ONLY,2.1,12.76,0.871,1.07,True
SPK_007__vehicle_acceleration_track__+10dB,NON_STATIONARY,SPEECH_LEAKAGE,AI_ONLY,-5.23,9.12,0.84,1.05,True
SPK_007__vehicle_acceleration_track__+10dB,NON_STATIONARY,SPEECH_LEAKAGE,HYBRID_PROTECTED,-7.22,6.61,0.856,1.04,True
SPK_007__vehicle_acceleration_track__+10dB,NON_STATIONARY,SPEECH_LEAKAGE,NLMS_ONLY,-3.53,6.98,0.856,1.04,True
SPK_007__vehicle_acceleration_track__+10dB,NON_STATIONARY,IMPULSIVE_SPIKE,AI_ONLY,-8.21,0.87,0.771,1.04,True
SPK_007__vehicle_acceleration_track__+10dB,NON_STATIONARY,IMPULSIVE_SPIKE,HYBRID_PROTECTED,-6.16,6.33,0.829,1.05,True
SPK_007__vehicle_acceleration_track__+10dB,NON_STATIONARY,IMPULSIVE_SPIKE,NLMS_ONLY,-10.02,-1.35,0.793,1.05,True
SPK_007__tactical_siren_sweep__+10dB,NON_STATIONARY,MATCHED_REFERENCE,AI_ONLY,-5.22,9.1,0.884,1.21,True
SPK_007__tactical_siren_sweep__+10dB,NON_STATIONARY,MATCHED_REFERENCE,HYBRID_PROTECTED,-6.04,13.23,0.921,1.28,True
SPK_007__tactical_siren_sweep__+10dB,NON_STATIONARY,MATCHED_REFERENCE,NLMS_ONLY,2.26,14.34,0.922,1.3,True
SPK_007__tactical_siren_sweep__+10dB,NON_STATIONARY,SPEECH_LEAKAGE,AI_ONLY,-5.22,9.1,0.884,1.21,True
SPK_007__tactical_siren_sweep__+10dB,NON_STATIONARY,SPEECH_LEAKAGE,HYBRID_PROTECTED,-7.28,7.4,0.902,1.17,True
SPK_007__tactical_siren_sweep__+10dB,NON_STATIONARY,SPEECH_LEAKAGE,NLMS_ONLY,-3.5,7.75,0.902,1.18,True
SPK_007__tactical_siren_sweep__+10dB,NON_STATIONARY,IMPULSIVE_SPIKE,AI_ONLY,-8.2,0.89,0.81,1.14,True
SPK_007__tactical_siren_sweep__+10dB,NON_STATIONARY,IMPULSIVE_SPIKE,HYBRID_PROTECTED,-6.21,8.23,0.886,1.22,True
SPK_007__tactical_siren_sweep__+10dB,NON_STATIONARY,IMPULSIVE_SPIKE,NLMS_ONLY,-10.04,-1.72,0.84,1.11,True
SPK_007__tank_engine_heldout_rec__-5dB,STATIONARY,MATCHED_REFERENCE,AI_ONLY,5.64,-4.53,0.712,1.02,True
SPK_007__tank_engine_heldout_rec__-5dB,STATIONARY,MATCHED_REFERENCE,HYBRID_PROTECTED,8.06,0.53,0.732,1.02,True
SPK_007__tank_engine_heldout_rec__-5dB,STATIONARY,MATCHED_REFERENCE,NLMS_ONLY,6.81,1.2,0.734,1.02,True
SPK_007__tank_engine_heldout_rec__-5dB,STATIONARY,SPEECH_LEAKAGE,AI_ONLY,5.64,-4.53,0.712,1.02,True
SPK_007__tank_engine_heldout_rec__-5dB,STATIONARY,SPEECH_LEAKAGE,HYBRID_PROTECTED,7.12,-1.64,0.725,1.02,True
SPK_007__tank_engine_heldout_rec__-5dB,STATIONARY,SPEECH_LEAKAGE,NLMS_ONLY,6.4,-1.25,0.725,1.02,True
SPK_007__tank_engine_heldout_rec__-5dB,STATIONARY,IMPULSIVE_SPIKE,AI_ONLY,6.12,-5.33,0.678,1.02,True
SPK_007__tank_engine_heldout_rec__-5dB,STATIONARY,IMPULSIVE_SPIKE,HYBRID_PROTECTED,7.92,0.13,0.715,1.02,True
SPK_007__tank_engine_heldout_rec__-5dB,STATIONARY,IMPULSIVE_SPIKE,NLMS_ONLY,4.32,-1.38,0.685,1.02,True
SPK_007__helicopter_rotor_heldout_rec__+15dB,PERIODIC_ROTOR,MATCHED_REFERENCE,AI_ONLY,-10.01,13.6,0.923,1.44,True
SPK_007__helicopter_rotor_heldout_rec__+15dB,PERIODIC_ROTOR,MATCHED_REFERENCE,HYBRID_PROTECTED,-11.41,12.42,0.959,1.61,True
SPK_007__helicopter_rotor_heldout_rec__+15dB,PERIODIC_ROTOR,MATCHED_REFERENCE,NLMS_ONLY,-4.6,13.2,0.959,1.64,True
SPK_007__helicopter_rotor_heldout_rec__+15dB,PERIODIC_ROTOR,SPEECH_LEAKAGE,AI_ONLY,-10.01,13.6,0.923,1.44,True
SPK_007__helicopter_rotor_heldout_rec__+15dB,PERIODIC_ROTOR,SPEECH_LEAKAGE,HYBRID_PROTECTED,-12.44,7.55,0.941,1.4,True
SPK_007__helicopter_rotor_heldout_rec__+15dB,PERIODIC_ROTOR,SPEECH_LEAKAGE,NLMS_ONLY,-8.89,7.85,0.941,1.42,True
SPK_007__helicopter_rotor_heldout_rec__+15dB,PERIODIC_ROTOR,IMPULSIVE_SPIKE,AI_ONLY,-13.2,1.28,0.844,1.23,True
SPK_007__helicopter_rotor_heldout_rec__+15dB,PERIODIC_ROTOR,IMPULSIVE_SPIKE,HYBRID_PROTECTED,-11.55,7.94,0.909,1.4,True
SPK_007__helicopter_rotor_heldout_rec__+15dB,PERIODIC_ROTOR,IMPULSIVE_SPIKE,NLMS_ONLY,-15.13,-2.43,0.862,1.16,True
SPK_007__gunfire_transient_insas__+10dB,IMPULSIVE_DEFENCE,MATCHED_REFERENCE,AI_ONLY,-5.22,9.31,0.91,2.13,False
SPK_007__gunfire_transient_insas__+10dB,IMPULSIVE_DEFENCE,MATCHED_REFERENCE,HYBRID_PROTECTED,-7.31,7.14,0.904,2.17,False
SPK_007__gunfire_transient_insas__+10dB,IMPULSIVE_DEFENCE,MATCHED_REFERENCE,NLMS_ONLY,-3.63,7.38,0.904,2.22,False
SPK_007__gunfire_transient_insas__+10dB,IMPULSIVE_DEFENCE,SPEECH_LEAKAGE,AI_ONLY,-5.22,9.31,0.91,2.13,True
SPK_007__gunfire_transient_insas__+10dB,IMPULSIVE_DEFENCE,SPEECH_LEAKAGE,HYBRID_PROTECTED,-7.57,5.98,0.919,2.08,True
SPK_007__gunfire_transient_insas__+10dB,IMPULSIVE_DEFENCE,SPEECH_LEAKAGE,NLMS_ONLY,-4.5,6.18,0.919,2.12,True
SPK_007__gunfire_transient_insas__+10dB,IMPULSIVE_DEFENCE,IMPULSIVE_SPIKE,AI_ONLY,-8.22,0.85,0.823,1.57,True
SPK_007__gunfire_transient_insas__+10dB,IMPULSIVE_DEFENCE,IMPULSIVE_SPIKE,HYBRID_PROTECTED,-7.36,5.36,0.854,1.95,True
SPK_007__gunfire_transient_insas__+10dB,IMPULSIVE_DEFENCE,IMPULSIVE_SPIKE,NLMS_ONLY,-10.61,-4.47,0.803,1.44,True
SPK_007__artillery_blast_dhanush__+10dB,IMPULSIVE_DEFENCE,MATCHED_REFERENCE,AI_ONLY,-5.21,9.34,0.908,2.65,True
SPK_007__artillery_blast_dhanush__+10dB,IMPULSIVE_DEFENCE,MATCHED_REFERENCE,HYBRID_PROTECTED,-7.37,7.2,0.911,2.72,True
SPK_007__artillery_blast_dhanush__+10dB,IMPULSIVE_DEFENCE,MATCHED_REFERENCE,NLMS_ONLY,-3.79,7.42,0.91,2.78,True
SPK_007__artillery_blast_dhanush__+10dB,IMPULSIVE_DEFENCE,SPEECH_LEAKAGE,AI_ONLY,-5.21,9.34,0.908,2.65,True
SPK_007__artillery_blast_dhanush__+10dB,IMPULSIVE_DEFENCE,SPEECH_LEAKAGE,HYBRID_PROTECTED,-7.61,6.07,0.915,2.72,True
SPK_007__artillery_blast_dhanush__+10dB,IMPULSIVE_DEFENCE,SPEECH_LEAKAGE,NLMS_ONLY,-4.56,6.25,0.914,2.77,True
SPK_007__artillery_blast_dhanush__+10dB,IMPULSIVE_DEFENCE,IMPULSIVE_SPIKE,AI_ONLY,-8.19,0.91,0.853,1.83,False
SPK_007__artillery_blast_dhanush__+10dB,IMPULSIVE_DEFENCE,IMPULSIVE_SPIKE,HYBRID_PROTECTED,-8.39,-1.53,0.834,2.22,False
SPK_007__artillery_blast_dhanush__+10dB,IMPULSIVE_DEFENCE,IMPULSIVE_SPIKE,NLMS_ONLY,-9.35,-4.53,0.81,2.06,False
SPK_008__tank_engine_t90__+15dB,STATIONARY,MATCHED_REFERENCE,AI_ONLY,-10.15,13.32,0.859,1.17,True
SPK_008__tank_engine_t90__+15dB,STATIONARY,MATCHED_REFERENCE,HYBRID_PROTECTED,-10.08,16.9,0.887,1.25,True
SPK_008__tank_engine_t90__+15dB,STATIONARY,MATCHED_REFERENCE,NLMS_ONLY,4.88,19.88,0.888,1.29,True
SPK_008__tank_engine_t90__+15dB,STATIONARY,SPEECH_LEAKAGE,AI_ONLY,-10.15,13.32,0.859,1.17,True
SPK_008__tank_engine_t90__+15dB,STATIONARY,SPEECH_LEAKAGE,HYBRID_PROTECTED,-12.09,7.94,0.872,1.16,True
SPK_008__tank_engine_t90__+15dB,STATIONARY,SPEECH_LEAKAGE,NLMS_ONLY,-7.81,8.37,0.873,1.18,True
SPK_008__tank_engine_t90__+15dB,STATIONARY,IMPULSIVE_SPIKE,AI_ONLY,-13.19,2.22,0.78,1.11,True
SPK_008__tank_engine_t90__+15dB,STATIONARY,IMPULSIVE_SPIKE,HYBRID_PROTECTED,-10.21,11.41,0.848,1.21,True
SPK_008__tank_engine_t90__+15dB,STATIONARY,IMPULSIVE_SPIKE,NLMS_ONLY,-13.47,1.53,0.804,1.14,True
SPK_008__diesel_idle_apc__-5dB,STATIONARY,MATCHED_REFERENCE,AI_ONLY,5.73,-4.49,0.678,1.01,True
SPK_008__diesel_idle_apc__-5dB,STATIONARY,MATCHED_REFERENCE,HYBRID_PROTECTED,8.21,0.8,0.696,1.02,True
SPK_008__diesel_idle_apc__-5dB,STATIONARY,MATCHED_REFERENCE,NLMS_ONLY,6.74,1.73,0.699,1.02,True
SPK_008__diesel_idle_apc__-5dB,STATIONARY,SPEECH_LEAKAGE,AI_ONLY,5.73,-4.49,0.678,1.01,True
SPK_008__diesel_idle_apc__-5dB,STATIONARY,SPEECH_LEAKAGE,HYBRID_PROTECTED,7.56,-0.36,0.694,1.02,True
SPK_008__diesel_idle_apc__-5dB,STATIONARY,SPEECH_LEAKAGE,NLMS_ONLY,7.05,0.25,0.695,1.02,True
SPK_008__diesel_idle_apc__-5dB,STATIONARY,IMPULSIVE_SPIKE,AI_ONLY,6.16,-5.11,0.632,1.01,True
SPK_008__diesel_idle_apc__-5dB,STATIONARY,IMPULSIVE_SPIKE,HYBRID_PROTECTED,8.15,0.63,0.677,1.02,True
SPK_008__diesel_idle_apc__-5dB,STATIONARY,IMPULSIVE_SPIKE,NLMS_ONLY,4.87,-0.14,0.648,1.02,True
SPK_008__generator_hum_50hz__+10dB,STATIONARY,MATCHED_REFERENCE,AI_ONLY,-5.35,8.94,0.832,1.05,True
SPK_008__generator_hum_50hz__+10dB,STATIONARY,MATCHED_REFERENCE,HYBRID_PROTECTED,-5.15,13.19,0.848,1.09,True
SPK_008__generator_hum_50hz__+10dB,STATIONARY,MATCHED_REFERENCE,NLMS_ONLY,4.92,14.92,0.849,1.11,True
SPK_008__generator_hum_50hz__+10dB,STATIONARY,SPEECH_LEAKAGE,AI_ONLY,-5.35,8.94,0.832,1.05,True
SPK_008__generator_hum_50hz__+10dB,STATIONARY,SPEECH_LEAKAGE,HYBRID_PROTECTED,-6.88,7.62,0.839,1.05,True
SPK_008__generator_hum_50hz__+10dB,STATIONARY,SPEECH_LEAKAGE,NLMS_ONLY,-2.34,8.18,0.839,1.06,True
SPK_008__generator_hum_50hz__+10dB,STATIONARY,IMPULSIVE_SPIKE,AI_ONLY,-8.2,1.71,0.756,1.04,True
SPK_008__generator_hum_50hz__+10dB,STATIONARY,IMPULSIVE_SPIKE,HYBRID_PROTECTED,-5.38,8.5,0.812,1.08,True
SPK_008__generator_hum_50hz__+10dB,STATIONARY,IMPULSIVE_SPIKE,NLMS_ONLY,-8.69,1.31,0.772,1.07,True
SPK_008__helicopter_rotor_dhruv__+15dB,PERIODIC_ROTOR,MATCHED_REFERENCE,AI_ONLY,-10.15,13.3,0.889,1.37,True
SPK_008__helicopter_rotor_dhruv__+15dB,PERIODIC_ROTOR,MATCHED_REFERENCE,HYBRID_PROTECTED,-10.06,19.0,0.921,1.59,True
SPK_008__helicopter_rotor_dhruv__+15dB,PERIODIC_ROTOR,MATCHED_REFERENCE,NLMS_ONLY,8.91,23.91,0.921,1.66,True
SPK_008__helicopter_rotor_dhruv__+15dB,PERIODIC_ROTOR,SPEECH_LEAKAGE,AI_ONLY,-10.15,13.3,0.889,1.37,True
SPK_008__helicopter_rotor_dhruv__+15dB,PERIODIC_ROTOR,SPEECH_LEAKAGE,HYBRID_PROTECTED,-12.14,8.15,0.906,1.42,True
SPK_008__helicopter_rotor_dhruv__+15dB,PERIODIC_ROTOR,SPEECH_LEAKAGE,NLMS_ONLY,-7.91,8.58,0.907,1.45,True
SPK_008__helicopter_rotor_dhruv__+15dB,PERIODIC_ROTOR,IMPULSIVE_SPIKE,AI_ONLY,-13.19,2.23,0.806,1.2,True
SPK_008__helicopter_rotor_dhruv__+15dB,PERIODIC_ROTOR,IMPULSIVE_SPIKE,HYBRID_PROTECTED,-10.2,11.7,0.877,1.47,True
SPK_008__helicopter_rotor_dhruv__+15dB,PERIODIC_ROTOR,IMPULSIVE_SPIKE,NLMS_ONLY,-13.59,1.42,0.832,1.23,True
SPK_008__propeller_rotor_an32__-10dB,PERIODIC_ROTOR,MATCHED_REFERENCE,AI_ONLY,7.74,-8.71,0.697,1.02,True
SPK_008__propeller_rotor_an32__-10dB,PERIODIC_ROTOR,MATCHED_REFERENCE,HYBRID_PROTECTED,13.36,1.36,0.716,1.02,True
SPK_008__propeller_rotor_an32__-10dB,PERIODIC_ROTOR,MATCHED_REFERENCE,NLMS_ONLY,12.32,2.21,0.717,1.02,True
SPK_008__propeller_rotor_an32__-10dB,PERIODIC_ROTOR,SPEECH_LEAKAGE,AI_ONLY,7.74,-8.71,0.697,1.02,True
SPK_008__propeller_rotor_an32__-10dB,PERIODIC_ROTOR,SPEECH_LEAKAGE,HYBRID_PROTECTED,12.78,0.32,0.712,1.02,True
SPK_008__propeller_rotor_an32__-10dB,PERIODIC_ROTOR,SPEECH_LEAKAGE,NLMS_ONLY,12.44,0.93,0.713,1.02,True
SPK_008__propeller_rotor_an32__-10dB,PERIODIC_ROTOR,IMPULSIVE_SPIKE,AI_ONLY,9.93,-8.91,0.648,1.02,True
SPK_008__propeller_rotor_an32__-10dB,PERIODIC_ROTOR,IMPULSIVE_SPIKE,HYBRID_PROTECTED,13.31,1.17,0.695,1.02,True
SPK_008__propeller_rotor_an32__-10dB,PERIODIC_ROTOR,IMPULSIVE_SPIKE,NLMS_ONLY,8.94,-1.17,0.657,1.02,True
SPK_008__vehicle_acceleration_track__-5dB,NON_STATIONARY,MATCHED_REFERENCE,AI_ONLY,5.73,-4.49,0.678,1.01,True
SPK_008__vehicle_acceleration_track__-5dB,NON_STATIONARY,MATCHED_REFERENCE,HYBRID_PROTECTED,8.21,0.8,0.696,1.02,True
SPK_008__vehicle_acceleration_track__-5dB,NON_STATIONARY,MATCHED_REFERENCE,NLMS_ONLY,6.74,1.73,0.699,1.02,True
SPK_008__vehicle_acceleration_track__-5dB,NON_STATIONARY,SPEECH_LEAKAGE,AI_ONLY,5.73,-4.49,0.678,1.01,True
SPK_008__vehicle_acceleration_track__-5dB,NON_STATIONARY,SPEECH_LEAKAGE,HYBRID_PROTECTED,7.56,-0.36,0.694,1.02,True
SPK_008__vehicle_acceleration_track__-5dB,NON_STATIONARY,SPEECH_LEAKAGE,NLMS_ONLY,7.05,0.25,0.695,1.02,True
SPK_008__vehicle_acceleration_track__-5dB,NON_STATIONARY,IMPULSIVE_SPIKE,AI_ONLY,6.16,-5.11,0.632,1.01,True
SPK_008__vehicle_acceleration_track__-5dB,NON_STATIONARY,IMPULSIVE_SPIKE,HYBRID_PROTECTED,8.15,0.63,0.677,1.02,True
SPK_008__vehicle_acceleration_track__-5dB,NON_STATIONARY,IMPULSIVE_SPIKE,NLMS_ONLY,4.87,-0.14,0.648,1.02,True
SPK_008__tactical_siren_sweep__+0dB,NON_STATIONARY,MATCHED_REFERENCE,AI_ONLY,2.83,-0.28,0.805,1.03,True
SPK_008__tactical_siren_sweep__+0dB,NON_STATIONARY,MATCHED_REFERENCE,HYBRID_PROTECTED,4.57,7.94,0.818,1.03,True
SPK_008__tactical_siren_sweep__+0dB,NON_STATIONARY,MATCHED_REFERENCE,NLMS_ONLY,9.01,9.02,0.819,1.04,True
SPK_008__tactical_siren_sweep__+0dB,NON_STATIONARY,SPEECH_LEAKAGE,AI_ONLY,2.83,-0.28,0.805,1.03,True
SPK_008__tactical_siren_sweep__+0dB,NON_STATIONARY,SPEECH_LEAKAGE,HYBRID_PROTECTED,3.39,5.69,0.814,1.03,True
SPK_008__tactical_siren_sweep__+0dB,NON_STATIONARY,SPEECH_LEAKAGE,NLMS_ONLY,7.19,6.34,0.814,1.03,True
SPK_008__tactical_siren_sweep__+0dB,NON_STATIONARY,IMPULSIVE_SPIKE,AI_ONLY,1.62,-1.91,0.735,1.03,True
SPK_008__tactical_siren_sweep__+0dB,NON_STATIONARY,IMPULSIVE_SPIKE,HYBRID_PROTECTED,4.5,7.21,0.789,1.03,True
SPK_008__tactical_siren_sweep__+0dB,NON_STATIONARY,IMPULSIVE_SPIKE,NLMS_ONLY,0.86,0.86,0.745,1.03,True
SPK_008__tank_engine_heldout_rec__+0dB,STATIONARY,MATCHED_REFERENCE,AI_ONLY,2.87,-0.19,0.742,1.02,True
SPK_008__tank_engine_heldout_rec__+0dB,STATIONARY,MATCHED_REFERENCE,HYBRID_PROTECTED,3.8,4.05,0.756,1.02,True
SPK_008__tank_engine_heldout_rec__+0dB,STATIONARY,MATCHED_REFERENCE,NLMS_ONLY,5.52,4.91,0.757,1.03,True
SPK_008__tank_engine_heldout_rec__+0dB,STATIONARY,SPEECH_LEAKAGE,AI_ONLY,2.87,-0.19,0.742,1.02,True
SPK_008__tank_engine_heldout_rec__+0dB,STATIONARY,SPEECH_LEAKAGE,HYBRID_PROTECTED,2.49,1.1,0.747,1.02,True
SPK_008__tank_engine_heldout_rec__+0dB,STATIONARY,SPEECH_LEAKAGE,NLMS_ONLY,3.77,1.49,0.747,1.02,True
SPK_008__tank_engine_heldout_rec__+0dB,STATIONARY,IMPULSIVE_SPIKE,AI_ONLY,1.62,-1.87,0.683,1.02,True
SPK_008__tank_engine_heldout_rec__+0dB,STATIONARY,IMPULSIVE_SPIKE,HYBRID_PROTECTED,3.69,3.29,0.723,1.02,True
SPK_008__tank_engine_heldout_rec__+0dB,STATIONARY,IMPULSIVE_SPIKE,NLMS_ONLY,0.93,0.34,0.691,1.03,True
SPK_008__helicopter_rotor_heldout_rec__+0dB,PERIODIC_ROTOR,MATCHED_REFERENCE,AI_ONLY,2.83,-0.28,0.805,1.03,True
SPK_008__helicopter_rotor_heldout_rec__+0dB,PERIODIC_ROTOR,MATCHED_REFERENCE,HYBRID_PROTECTED,4.13,7.42,0.817,1.03,True
SPK_008__helicopter_rotor_heldout_rec__+0dB,PERIODIC_ROTOR,MATCHED_REFERENCE,NLMS_ONLY,8.92,8.38,0.817,1.04,True
SPK_008__helicopter_rotor_heldout_rec__+0dB,PERIODIC_ROTOR,SPEECH_LEAKAGE,AI_ONLY,2.83,-0.28,0.805,1.03,True
SPK_008__helicopter_rotor_heldout_rec__+0dB,PERIODIC_ROTOR,SPEECH_LEAKAGE,HYBRID_PROTECTED,2.76,3.79,0.809,1.03,True
SPK_008__helicopter_rotor_heldout_rec__+0dB,PERIODIC_ROTOR,SPEECH_LEAKAGE,NLMS_ONLY,5.46,4.2,0.809,1.03,True
SPK_008__helicopter_rotor_heldout_rec__+0dB,PERIODIC_ROTOR,IMPULSIVE_SPIKE,AI_ONLY,1.62,-1.91,0.735,1.03,True
SPK_008__helicopter_rotor_heldout_rec__+0dB,PERIODIC_ROTOR,IMPULSIVE_SPIKE,HYBRID_PROTECTED,4.08,6.71,0.786,1.03,True
SPK_008__helicopter_rotor_heldout_rec__+0dB,PERIODIC_ROTOR,IMPULSIVE_SPIKE,NLMS_ONLY,0.84,0.08,0.742,1.03,True
SPK_008__gunfire_transient_insas__+5dB,IMPULSIVE_DEFENCE,MATCHED_REFERENCE,AI_ONLY,-0.87,4.59,0.84,1.88,True
SPK_008__gunfire_transient_insas__+5dB,IMPULSIVE_DEFENCE,MATCHED_REFERENCE,HYBRID_PROTECTED,-0.23,10.86,0.846,1.92,True
SPK_008__gunfire_transient_insas__+5dB,IMPULSIVE_DEFENCE,MATCHED_REFERENCE,NLMS_ONLY,7.18,12.19,0.845,1.98,True
SPK_008__gunfire_transient_insas__+5dB,IMPULSIVE_DEFENCE,SPEECH_LEAKAGE,AI_ONLY,-0.87,4.59,0.84,1.88,True
SPK_008__gunfire_transient_insas__+5dB,IMPULSIVE_DEFENCE,SPEECH_LEAKAGE,HYBRID_PROTECTED,-2.42,5.12,0.851,1.85,True
SPK_008__gunfire_transient_insas__+5dB,IMPULSIVE_DEFENCE,SPEECH_LEAKAGE,NLMS_ONLY,0.67,5.42,0.85,1.91,True
SPK_008__gunfire_transient_insas__+5dB,IMPULSIVE_DEFENCE,IMPULSIVE_SPIKE,AI_ONLY,-3.28,0.44,0.754,1.53,True
SPK_008__gunfire_transient_insas__+5dB,IMPULSIVE_DEFENCE,IMPULSIVE_SPIKE,HYBRID_PROTECTED,-0.31,9.51,0.798,1.74,True
SPK_008__gunfire_transient_insas__+5dB,IMPULSIVE_DEFENCE,IMPULSIVE_SPIKE,NLMS_ONLY,-3.79,1.21,0.756,1.48,True
SPK_008__artillery_blast_dhanush__+5dB,IMPULSIVE_DEFENCE,MATCHED_REFERENCE,AI_ONLY,-0.82,4.84,0.885,2.43,True
SPK_008__artillery_blast_dhanush__+5dB,IMPULSIVE_DEFENCE,MATCHED_REFERENCE,HYBRID_PROTECTED,-0.2,11.54,0.889,2.55,True
SPK_008__artillery_blast_dhanush__+5dB,IMPULSIVE_DEFENCE,MATCHED_REFERENCE,NLMS_ONLY,7.9,12.9,0.889,2.69,True
SPK_008__artillery_blast_dhanush__+5dB,IMPULSIVE_DEFENCE,SPEECH_LEAKAGE,AI_ONLY,-0.82,4.84,0.885,2.43,True
SPK_008__artillery_blast_dhanush__+5dB,IMPULSIVE_DEFENCE,SPEECH_LEAKAGE,HYBRID_PROTECTED,-2.43,5.49,0.893,2.5,True
SPK_008__artillery_blast_dhanush__+5dB,IMPULSIVE_DEFENCE,SPEECH_LEAKAGE,NLMS_ONLY,0.75,5.77,0.892,2.61,True
SPK_008__artillery_blast_dhanush__+5dB,IMPULSIVE_DEFENCE,IMPULSIVE_SPIKE,AI_ONLY,-3.19,0.78,0.845,1.83,True
SPK_008__artillery_blast_dhanush__+5dB,IMPULSIVE_DEFENCE,IMPULSIVE_SPIKE,HYBRID_PROTECTED,-0.33,9.09,0.867,2.39,True
SPK_008__artillery_blast_dhanush__+5dB,IMPULSIVE_DEFENCE,IMPULSIVE_SPIKE,NLMS_ONLY,0.3,5.31,0.85,2.17,True
SPK_009__tank_engine_t90__+5dB,STATIONARY,MATCHED_REFERENCE,AI_ONLY,-0.83,4.4,0.823,1.03,True
SPK_009__tank_engine_t90__+5dB,STATIONARY,MATCHED_REFERENCE,HYBRID_PROTECTED,-0.82,8.43,0.864,1.03,True
SPK_009__tank_engine_t90__+5dB,STATIONARY,MATCHED_REFERENCE,NLMS_ONLY,4.81,9.34,0.865,1.03,True
SPK_009__tank_engine_t90__+5dB,STATIONARY,SPEECH_LEAKAGE,AI_ONLY,-0.83,4.4,0.823,1.03,True
SPK_009__tank_engine_t90__+5dB,STATIONARY,SPEECH_LEAKAGE,HYBRID_PROTECTED,-2.14,4.74,0.85,1.03,True
SPK_009__tank_engine_t90__+5dB,STATIONARY,SPEECH_LEAKAGE,NLMS_ONLY,1.01,5.18,0.85,1.03,True
SPK_009__tank_engine_t90__+5dB,STATIONARY,IMPULSIVE_SPIKE,AI_ONLY,-3.28,-0.48,0.738,1.03,True
SPK_009__tank_engine_t90__+5dB,STATIONARY,IMPULSIVE_SPIKE,HYBRID_PROTECTED,-1.25,4.33,0.804,1.04,True
SPK_009__tank_engine_t90__+5dB,STATIONARY,IMPULSIVE_SPIKE,NLMS_ONLY,-5.49,-1.49,0.767,1.04,True
SPK_009__diesel_idle_apc__+10dB,STATIONARY,MATCHED_REFERENCE,AI_ONLY,-5.26,9.07,0.88,1.04,True
SPK_009__diesel_idle_apc__+10dB,STATIONARY,MATCHED_REFERENCE,HYBRID_PROTECTED,-5.94,11.87,0.921,1.05,True
SPK_009__diesel_idle_apc__+10dB,STATIONARY,MATCHED_REFERENCE,NLMS_ONLY,2.16,12.93,0.922,1.06,True
SPK_009__diesel_idle_apc__+10dB,STATIONARY,SPEECH_LEAKAGE,AI_ONLY,-5.26,9.07,0.88,1.04,True
SPK_009__diesel_idle_apc__+10dB,STATIONARY,SPEECH_LEAKAGE,HYBRID_PROTECTED,-7.22,6.9,0.906,1.04,True
SPK_009__diesel_idle_apc__+10dB,STATIONARY,SPEECH_LEAKAGE,NLMS_ONLY,-3.42,7.3,0.906,1.04,True
SPK_009__diesel_idle_apc__+10dB,STATIONARY,IMPULSIVE_SPIKE,AI_ONLY,-8.24,0.47,0.784,1.04,True
SPK_009__diesel_idle_apc__+10dB,STATIONARY,IMPULSIVE_SPIKE,HYBRID_PROTECTED,-6.24,5.92,0.846,1.05,True
SPK_009__diesel_idle_apc__+10dB,STATIONARY,IMPULSIVE_SPIKE,NLMS_ONLY,-10.44,-1.83,0.806,1.05,True
SPK_009__generator_hum_50hz__+15dB,STATIONARY,MATCHED_REFERENCE,AI_ONLY,-10.05,13.58,0.929,1.13,True
SPK_009__generator_hum_50hz__+15dB,STATIONARY,MATCHED_REFERENCE,HYBRID_PROTECTED,-11.26,12.63,0.958,1.17,True
SPK_009__generator_hum_50hz__+15dB,STATIONARY,MATCHED_REFERENCE,NLMS_ONLY,-3.82,13.53,0.958,1.19,True
SPK_009__generator_hum_50hz__+15dB,STATIONARY,SPEECH_LEAKAGE,AI_ONLY,-10.05,13.58,0.929,1.13,True
SPK_009__generator_hum_50hz__+15dB,STATIONARY,SPEECH_LEAKAGE,HYBRID_PROTECTED,-12.36,7.82,0.949,1.09,True
SPK_009__generator_hum_50hz__+15dB,STATIONARY,SPEECH_LEAKAGE,NLMS_ONLY,-8.61,8.16,0.949,1.09,True
SPK_009__generator_hum_50hz__+15dB,STATIONARY,IMPULSIVE_SPIKE,AI_ONLY,-13.23,0.83,0.823,1.1,True
SPK_009__generator_hum_50hz__+15dB,STATIONARY,IMPULSIVE_SPIKE,HYBRID_PROTECTED,-11.42,7.53,0.879,1.13,True
SPK_009__generator_hum_50hz__+15dB,STATIONARY,IMPULSIVE_SPIKE,NLMS_ONLY,-15.38,-2.35,0.833,1.09,True
SPK_009__helicopter_rotor_dhruv__+5dB,PERIODIC_ROTOR,MATCHED_REFERENCE,AI_ONLY,-0.84,4.34,0.881,1.06,True
SPK_009__helicopter_rotor_dhruv__+5dB,PERIODIC_ROTOR,MATCHED_REFERENCE,HYBRID_PROTECTED,-0.87,11.24,0.916,1.07,True
SPK_009__helicopter_rotor_dhruv__+5dB,PERIODIC_ROTOR,MATCHED_REFERENCE,NLMS_ONLY,6.98,12.27,0.917,1.08,True
SPK_009__helicopter_rotor_dhruv__+5dB,PERIODIC_ROTOR,SPEECH_LEAKAGE,AI_ONLY,-0.84,4.34,0.881,1.06,True
SPK_009__helicopter_rotor_dhruv__+5dB,PERIODIC_ROTOR,SPEECH_LEAKAGE,HYBRID_PROTECTED,-2.16,6.5,0.903,1.05,True
SPK_009__helicopter_rotor_dhruv__+5dB,PERIODIC_ROTOR,SPEECH_LEAKAGE,NLMS_ONLY,1.6,6.91,0.903,1.05,True
SPK_009__helicopter_rotor_dhruv__+5dB,PERIODIC_ROTOR,IMPULSIVE_SPIKE,AI_ONLY,-3.28,-0.48,0.785,1.06,True
SPK_009__helicopter_rotor_dhruv__+5dB,PERIODIC_ROTOR,IMPULSIVE_SPIKE,HYBRID_PROTECTED,-1.03,7.79,0.861,1.07,True
SPK_009__helicopter_rotor_dhruv__+5dB,PERIODIC_ROTOR,IMPULSIVE_SPIKE,NLMS_ONLY,-5.42,-1.68,0.811,1.06,True
SPK_009__propeller_rotor_an32__-5dB,PERIODIC_ROTOR,MATCHED_REFERENCE,AI_ONLY,5.48,-4.78,0.772,1.02,True
SPK_009__propeller_rotor_an32__-5dB,PERIODIC_ROTOR,MATCHED_REFERENCE,HYBRID_PROTECTED,8.86,4.12,0.808,1.03,True
SPK_009__propeller_rotor_an32__-5dB,PERIODIC_ROTOR,MATCHED_REFERENCE,NLMS_ONLY,10.44,4.86,0.808,1.03,True
SPK_009__propeller_rotor_an32__-5dB,PERIODIC_ROTOR,SPEECH_LEAKAGE,AI_ONLY,5.48,-4.78,0.772,1.02,True
SPK_009__propeller_rotor_an32__-5dB,PERIODIC_ROTOR,SPEECH_LEAKAGE,HYBRID_PROTECTED,7.75,1.82,0.796,1.03,True
SPK_009__propeller_rotor_an32__-5dB,PERIODIC_ROTOR,SPEECH_LEAKAGE,NLMS_ONLY,9.19,2.24,0.796,1.03,True
SPK_009__propeller_rotor_an32__-5dB,PERIODIC_ROTOR,IMPULSIVE_SPIKE,AI_ONLY,6.05,-5.6,0.696,1.02,True
SPK_009__propeller_rotor_an32__-5dB,PERIODIC_ROTOR,IMPULSIVE_SPIKE,HYBRID_PROTECTED,8.77,3.62,0.771,1.03,True
SPK_009__propeller_rotor_an32__-5dB,PERIODIC_ROTOR,IMPULSIVE_SPIKE,NLMS_ONLY,3.88,-1.79,0.722,1.03,True
SPK_009__vehicle_acceleration_track__+5dB,NON_STATIONARY,MATCHED_REFERENCE,AI_ONLY,-0.83,4.4,0.823,1.03,True
SPK_009__vehicle_acceleration_track__+5dB,NON_STATIONARY,MATCHED_REFERENCE,HYBRID_PROTECTED,-0.82,8.43,0.864,1.03,True
SPK_009__vehicle_acceleration_track__+5dB,NON_STATIONARY,MATCHED_REFERENCE,NLMS_ONLY,4.81,9.34,0.865,1.03,True
SPK_009__vehicle_acceleration_track__+5dB,NON_STATIONARY,SPEECH_LEAKAGE,AI_ONLY,-0.83,4.4,0.823,1.03,True
SPK_009__vehicle_acceleration_track__+5dB,NON_STATIONARY,SPEECH_LEAKAGE,HYBRID_PROTECTED,-2.14,4.74,0.85,1.03,True
SPK_009__vehicle_acceleration_track__+5dB,NON_STATIONARY,SPEECH_LEAKAGE,NLMS_ONLY,1.01,5.18,0.85,1.03,True
SPK_009__vehicle_acceleration_track__+5dB,NON_STATIONARY,IMPULSIVE_SPIKE,AI_ONLY,-3.28,-0.48,0.738,1.03,True
SPK_009__vehicle_acceleration_track__+5dB,NON_STATIONARY,IMPULSIVE_SPIKE,HYBRID_PROTECTED,-1.25,4.33,0.804,1.04,True
SPK_009__vehicle_acceleration_track__+5dB,NON_STATIONARY,IMPULSIVE_SPIKE,NLMS_ONLY,-5.49,-1.49,0.767,1.04,True
SPK_009__tactical_siren_sweep__-5dB,NON_STATIONARY,MATCHED_REFERENCE,AI_ONLY,5.48,-4.78,0.772,1.02,True
SPK_009__tactical_siren_sweep__-5dB,NON_STATIONARY,MATCHED_REFERENCE,HYBRID_PROTECTED,8.86,4.12,0.808,1.03,True
SPK_009__tactical_siren_sweep__-5dB,NON_STATIONARY,MATCHED_REFERENCE,NLMS_ONLY,10.44,4.86,0.808,1.03,True
SPK_009__tactical_siren_sweep__-5dB,NON_STATIONARY,SPEECH_LEAKAGE,AI_ONLY,5.48,-4.78,0.772,1.02,True
SPK_009__tactical_siren_sweep__-5dB,NON_STATIONARY,SPEECH_LEAKAGE,HYBRID_PROTECTED,7.75,1.82,0.796,1.03,True
SPK_009__tactical_siren_sweep__-5dB,NON_STATIONARY,SPEECH_LEAKAGE,NLMS_ONLY,9.19,2.24,0.796,1.03,True
SPK_009__tactical_siren_sweep__-5dB,NON_STATIONARY,IMPULSIVE_SPIKE,AI_ONLY,6.05,-5.6,0.696,1.02,True
SPK_009__tactical_siren_sweep__-5dB,NON_STATIONARY,IMPULSIVE_SPIKE,HYBRID_PROTECTED,8.77,3.62,0.771,1.03,True
SPK_009__tactical_siren_sweep__-5dB,NON_STATIONARY,IMPULSIVE_SPIKE,NLMS_ONLY,3.88,-1.79,0.722,1.03,True
SPK_009__tank_engine_heldout_rec__-5dB,STATIONARY,MATCHED_REFERENCE,AI_ONLY,5.59,-4.61,0.715,1.02,True
SPK_009__tank_engine_heldout_rec__-5dB,STATIONARY,MATCHED_REFERENCE,HYBRID_PROTECTED,7.99,0.37,0.753,1.02,True
SPK_009__tank_engine_heldout_rec__-5dB,STATIONARY,MATCHED_REFERENCE,NLMS_ONLY,6.75,1.09,0.755,1.02,True
SPK_009__tank_engine_heldout_rec__-5dB,STATIONARY,SPEECH_LEAKAGE,AI_ONLY,5.59,-4.61,0.715,1.02,True
SPK_009__tank_engine_heldout_rec__-5dB,STATIONARY,SPEECH_LEAKAGE,HYBRID_PROTECTED,7.05,-1.88,0.738,1.02,True
SPK_009__tank_engine_heldout_rec__-5dB,STATIONARY,SPEECH_LEAKAGE,NLMS_ONLY,6.27,-1.46,0.738,1.02,True
SPK_009__tank_engine_heldout_rec__-5dB,STATIONARY,IMPULSIVE_SPIKE,AI_ONLY,6.08,-5.48,0.658,1.02,True
SPK_009__tank_engine_heldout_rec__-5dB,STATIONARY,IMPULSIVE_SPIKE,HYBRID_PROTECTED,7.83,-0.1,0.716,1.02,True
SPK_009__tank_engine_heldout_rec__-5dB,STATIONARY,IMPULSIVE_SPIKE,NLMS_ONLY,4.05,-1.75,0.681,1.02,True
SPK_009__helicopter_rotor_heldout_rec__-5dB,PERIODIC_ROTOR,MATCHED_REFERENCE,AI_ONLY,5.48,-4.78,0.772,1.02,True
SPK_009__helicopter_rotor_heldout_rec__-5dB,PERIODIC_ROTOR,MATCHED_REFERENCE,HYBRID_PROTECTED,8.86,4.12,0.808,1.03,True
SPK_009__helicopter_rotor_heldout_rec__-5dB,PERIODIC_ROTOR,MATCHED_REFERENCE,NLMS_ONLY,10.44,4.86,0.808,1.03,True
SPK_009__helicopter_rotor_heldout_rec__-5dB,PERIODIC_ROTOR,SPEECH_LEAKAGE,AI_ONLY,5.48,-4.78,0.772,1.02,True
SPK_009__helicopter_rotor_heldout_rec__-5dB,PERIODIC_ROTOR,SPEECH_LEAKAGE,HYBRID_PROTECTED,7.75,1.82,0.796,1.03,True
SPK_009__helicopter_rotor_heldout_rec__-5dB,PERIODIC_ROTOR,SPEECH_LEAKAGE,NLMS_ONLY,9.19,2.24,0.796,1.03,True
SPK_009__helicopter_rotor_heldout_rec__-5dB,PERIODIC_ROTOR,IMPULSIVE_SPIKE,AI_ONLY,6.05,-5.6,0.696,1.02,True
SPK_009__helicopter_rotor_heldout_rec__-5dB,PERIODIC_ROTOR,IMPULSIVE_SPIKE,HYBRID_PROTECTED,8.77,3.62,0.771,1.03,True
SPK_009__helicopter_rotor_heldout_rec__-5dB,PERIODIC_ROTOR,IMPULSIVE_SPIKE,NLMS_ONLY,3.88,-1.79,0.722,1.03,True
SPK_009__gunfire_transient_insas__+0dB,IMPULSIVE_DEFENCE,MATCHED_REFERENCE,AI_ONLY,2.95,0.18,0.79,1.5,False
SPK_009__gunfire_transient_insas__+0dB,IMPULSIVE_DEFENCE,MATCHED_REFERENCE,HYBRID_PROTECTED,2.63,3.52,0.769,1.55,False
SPK_009__gunfire_transient_insas__+0dB,IMPULSIVE_DEFENCE,MATCHED_REFERENCE,NLMS_ONLY,4.99,3.48,0.765,1.55,False
SPK_009__gunfire_transient_insas__+0dB,IMPULSIVE_DEFENCE,SPEECH_LEAKAGE,AI_ONLY,2.95,0.18,0.79,1.5,True
SPK_009__gunfire_transient_insas__+0dB,IMPULSIVE_DEFENCE,SPEECH_LEAKAGE,HYBRID_PROTECTED,2.36,3.7,0.805,1.54,True
SPK_009__gunfire_transient_insas__+0dB,IMPULSIVE_DEFENCE,SPEECH_LEAKAGE,NLMS_ONLY,4.89,3.97,0.804,1.59,True
SPK_009__gunfire_transient_insas__+0dB,IMPULSIVE_DEFENCE,IMPULSIVE_SPIKE,AI_ONLY,1.51,-2.41,0.701,1.35,True
SPK_009__gunfire_transient_insas__+0dB,IMPULSIVE_DEFENCE,IMPULSIVE_SPIKE,HYBRID_PROTECTED,2.53,2.16,0.702,1.49,True
SPK_009__gunfire_transient_insas__+0dB,IMPULSIVE_DEFENCE,IMPULSIVE_SPIKE,NLMS_ONLY,-1.32,-4.99,0.658,1.35,True
SPK_009__artillery_blast_dhanush__+5dB,IMPULSIVE_DEFENCE,MATCHED_REFERENCE,AI_ONLY,-0.78,4.76,0.873,2.29,False
SPK_009__artillery_blast_dhanush__+5dB,IMPULSIVE_DEFENCE,MATCHED_REFERENCE,HYBRID_PROTECTED,-2.35,6.51,0.866,2.48,False
SPK_009__artillery_blast_dhanush__+5dB,IMPULSIVE_DEFENCE,MATCHED_REFERENCE,NLMS_ONLY,1.15,6.73,0.865,2.48,False
SPK_009__artillery_blast_dhanush__+5dB,IMPULSIVE_DEFENCE,SPEECH_LEAKAGE,AI_ONLY,-0.78,4.76,0.873,2.29,True
SPK_009__artillery_blast_dhanush__+5dB,IMPULSIVE_DEFENCE,SPEECH_LEAKAGE,HYBRID_PROTECTED,-2.58,5.84,0.882,2.41,True
SPK_009__artillery_blast_dhanush__+5dB,IMPULSIVE_DEFENCE,SPEECH_LEAKAGE,NLMS_ONLY,0.49,6.08,0.881,2.41,True
SPK_009__artillery_blast_dhanush__+5dB,IMPULSIVE_DEFENCE,IMPULSIVE_SPIKE,AI_ONLY,-3.24,-0.27,0.818,1.79,False
SPK_009__artillery_blast_dhanush__+5dB,IMPULSIVE_DEFENCE,IMPULSIVE_SPIKE,HYBRID_PROTECTED,-3.08,0.19,0.793,2.06,False
SPK_009__artillery_blast_dhanush__+5dB,IMPULSIVE_DEFENCE,IMPULSIVE_SPIKE,NLMS_ONLY,-3.48,-2.64,0.779,1.95,False
SPK_010__tank_engine_t90__-10dB,STATIONARY,MATCHED_REFERENCE,AI_ONLY,10.47,-8.64,0.497,1.01,True
SPK_010__tank_engine_t90__-10dB,STATIONARY,MATCHED_REFERENCE,HYBRID_PROTECTED,12.42,-1.26,0.561,1.02,True
SPK_010__tank_engine_t90__-10dB,STATIONARY,MATCHED_REFERENCE,NLMS_ONLY,5.49,-4.76,0.469,1.02,True
SPK_010__tank_engine_t90__-10dB,STATIONARY,SPEECH_LEAKAGE,AI_ONLY,10.47,-8.64,0.497,1.01,True
SPK_010__tank_engine_t90__-10dB,STATIONARY,SPEECH_LEAKAGE,HYBRID_PROTECTED,11.81,-2.86,0.537,1.02,True
SPK_010__tank_engine_t90__-10dB,STATIONARY,SPEECH_LEAKAGE,NLMS_ONLY,5.47,-5.82,0.459,1.01,True
SPK_010__tank_engine_t90__-10dB,STATIONARY,IMPULSIVE_SPIKE,AI_ONLY,10.42,-8.84,0.474,1.01,True
SPK_010__tank_engine_t90__-10dB,STATIONARY,IMPULSIVE_SPIKE,HYBRID_PROTECTED,12.39,-1.34,0.543,1.02,True
SPK_010__tank_engine_t90__-10dB,STATIONARY,IMPULSIVE_SPIKE,NLMS_ONLY,5.13,-5.11,0.438,1.02,True
SPK_010__diesel_idle_apc__-5dB,STATIONARY,MATCHED_REFERENCE,AI_ONLY,5.72,-4.56,0.614,1.01,True
SPK_010__diesel_idle_apc__-5dB,STATIONARY,MATCHED_REFERENCE,HYBRID_PROTECTED,8.24,0.99,0.643,1.02,True
SPK_010__diesel_idle_apc__-5dB,STATIONARY,MATCHED_REFERENCE,NLMS_ONLY,4.88,-0.15,0.603,1.02,True
SPK_010__diesel_idle_apc__-5dB,STATIONARY,SPEECH_LEAKAGE,AI_ONLY,5.72,-4.56,0.614,1.01,True
SPK_010__diesel_idle_apc__-5dB,STATIONARY,SPEECH_LEAKAGE,HYBRID_PROTECTED,7.59,-0.29,0.633,1.02,True
SPK_010__diesel_idle_apc__-5dB,STATIONARY,SPEECH_LEAKAGE,NLMS_ONLY,4.86,-1.42,0.592,1.02,True
SPK_010__diesel_idle_apc__-5dB,STATIONARY,IMPULSIVE_SPIKE,AI_ONLY,6.16,-5.14,0.577,1.01,True
SPK_010__diesel_idle_apc__-5dB,STATIONARY,IMPULSIVE_SPIKE,HYBRID_PROTECTED,8.19,0.82,0.623,1.02,True
SPK_010__diesel_idle_apc__-5dB,STATIONARY,IMPULSIVE_SPIKE,NLMS_ONLY,3.64,-1.37,0.559,1.02,True
SPK_010__generator_hum_50hz__-5dB,STATIONARY,MATCHED_REFERENCE,AI_ONLY,5.72,-4.56,0.614,1.01,True
SPK_010__generator_hum_50hz__-5dB,STATIONARY,MATCHED_REFERENCE,HYBRID_PROTECTED,8.24,0.99,0.643,1.02,True
SPK_010__generator_hum_50hz__-5dB,STATIONARY,MATCHED_REFERENCE,NLMS_ONLY,4.88,-0.15,0.603,1.02,True
SPK_010__generator_hum_50hz__-5dB,STATIONARY,SPEECH_LEAKAGE,AI_ONLY,5.72,-4.56,0.614,1.01,True
SPK_010__generator_hum_50hz__-5dB,STATIONARY,SPEECH_LEAKAGE,HYBRID_PROTECTED,7.59,-0.29,0.633,1.02,True
SPK_010__generator_hum_50hz__-5dB,STATIONARY,SPEECH_LEAKAGE,NLMS_ONLY,4.86,-1.42,0.592,1.02,True
SPK_010__generator_hum_50hz__-5dB,STATIONARY,IMPULSIVE_SPIKE,AI_ONLY,6.16,-5.14,0.577,1.01,True
SPK_010__generator_hum_50hz__-5dB,STATIONARY,IMPULSIVE_SPIKE,HYBRID_PROTECTED,8.19,0.82,0.623,1.02,True
SPK_010__generator_hum_50hz__-5dB,STATIONARY,IMPULSIVE_SPIKE,NLMS_ONLY,3.64,-1.37,0.559,1.02,True
SPK_010__helicopter_rotor_dhruv__+10dB,PERIODIC_ROTOR,MATCHED_REFERENCE,AI_ONLY,-5.44,8.79,0.79,1.12,True
SPK_010__helicopter_rotor_dhruv__+10dB,PERIODIC_ROTOR,MATCHED_REFERENCE,HYBRID_PROTECTED,-5.18,16.07,0.82,1.28,True
SPK_010__helicopter_rotor_dhruv__+10dB,PERIODIC_ROTOR,MATCHED_REFERENCE,NLMS_ONLY,8.08,18.08,0.817,1.29,True
SPK_010__helicopter_rotor_dhruv__+10dB,PERIODIC_ROTOR,SPEECH_LEAKAGE,AI_ONLY,-5.44,8.79,0.79,1.12,True
SPK_010__helicopter_rotor_dhruv__+10dB,PERIODIC_ROTOR,SPEECH_LEAKAGE,HYBRID_PROTECTED,-6.95,8.7,0.798,1.14,True
SPK_010__helicopter_rotor_dhruv__+10dB,PERIODIC_ROTOR,SPEECH_LEAKAGE,NLMS_ONLY,-2.08,9.43,0.798,1.16,True
SPK_010__helicopter_rotor_dhruv__+10dB,PERIODIC_ROTOR,IMPULSIVE_SPIKE,AI_ONLY,-8.21,1.84,0.717,1.09,True
SPK_010__helicopter_rotor_dhruv__+10dB,PERIODIC_ROTOR,IMPULSIVE_SPIKE,HYBRID_PROTECTED,-5.3,11.3,0.785,1.24,True
SPK_010__helicopter_rotor_dhruv__+10dB,PERIODIC_ROTOR,IMPULSIVE_SPIKE,NLMS_ONLY,-8.35,1.65,0.739,1.16,True
SPK_010__propeller_rotor_an32__+10dB,PERIODIC_ROTOR,MATCHED_REFERENCE,AI_ONLY,-5.44,8.79,0.79,1.12,True
SPK_010__propeller_rotor_an32__+10dB,PERIODIC_ROTOR,MATCHED_REFERENCE,HYBRID_PROTECTED,-5.18,16.07,0.82,1.28,True
SPK_010__propeller_rotor_an32__+10dB,PERIODIC_ROTOR,MATCHED_REFERENCE,NLMS_ONLY,8.08,18.08,0.817,1.29,True
SPK_010__propeller_rotor_an32__+10dB,PERIODIC_ROTOR,SPEECH_LEAKAGE,AI_ONLY,-5.44,8.79,0.79,1.12,True
SPK_010__propeller_rotor_an32__+10dB,PERIODIC_ROTOR,SPEECH_LEAKAGE,HYBRID_PROTECTED,-6.95,8.7,0.798,1.14,True
SPK_010__propeller_rotor_an32__+10dB,PERIODIC_ROTOR,SPEECH_LEAKAGE,NLMS_ONLY,-2.08,9.43,0.798,1.16,True
SPK_010__propeller_rotor_an32__+10dB,PERIODIC_ROTOR,IMPULSIVE_SPIKE,AI_ONLY,-8.21,1.84,0.717,1.09,True
SPK_010__propeller_rotor_an32__+10dB,PERIODIC_ROTOR,IMPULSIVE_SPIKE,HYBRID_PROTECTED,-5.3,11.3,0.785,1.24,True
SPK_010__propeller_rotor_an32__+10dB,PERIODIC_ROTOR,IMPULSIVE_SPIKE,NLMS_ONLY,-8.35,1.65,0.739,1.16,True
SPK_010__vehicle_acceleration_track__-5dB,NON_STATIONARY,MATCHED_REFERENCE,AI_ONLY,5.72,-4.56,0.614,1.01,True
SPK_010__vehicle_acceleration_track__-5dB,NON_STATIONARY,MATCHED_REFERENCE,HYBRID_PROTECTED,8.24,0.99,0.643,1.02,True
SPK_010__vehicle_acceleration_track__-5dB,NON_STATIONARY,MATCHED_REFERENCE,NLMS_ONLY,4.88,-0.15,0.603,1.02,True
SPK_010__vehicle_acceleration_track__-5dB,NON_STATIONARY,SPEECH_LEAKAGE,AI_ONLY,5.72,-4.56,0.614,1.01,True
SPK_010__vehicle_acceleration_track__-5dB,NON_STATIONARY,SPEECH_LEAKAGE,HYBRID_PROTECTED,7.59,-0.29,0.633,1.02,True
SPK_010__vehicle_acceleration_track__-5dB,NON_STATIONARY,SPEECH_LEAKAGE,NLMS_ONLY,4.86,-1.42,0.592,1.02,True
SPK_010__vehicle_acceleration_track__-5dB,NON_STATIONARY,IMPULSIVE_SPIKE,AI_ONLY,6.16,-5.14,0.577,1.01,True
SPK_010__vehicle_acceleration_track__-5dB,NON_STATIONARY,IMPULSIVE_SPIKE,HYBRID_PROTECTED,8.19,0.82,0.623,1.02,True
SPK_010__vehicle_acceleration_track__-5dB,NON_STATIONARY,IMPULSIVE_SPIKE,NLMS_ONLY,3.64,-1.37,0.559,1.02,True
SPK_010__tactical_siren_sweep__+0dB,NON_STATIONARY,MATCHED_REFERENCE,AI_ONLY,2.78,-0.39,0.728,1.02,True
SPK_010__tactical_siren_sweep__+0dB,NON_STATIONARY,MATCHED_REFERENCE,HYBRID_PROTECTED,4.49,7.91,0.739,1.04,True
SPK_010__tactical_siren_sweep__+0dB,NON_STATIONARY,MATCHED_REFERENCE,NLMS_ONLY,8.28,8.27,0.733,1.04,True
SPK_010__tactical_siren_sweep__+0dB,NON_STATIONARY,SPEECH_LEAKAGE,AI_ONLY,2.78,-0.39,0.728,1.02,False
SPK_010__tactical_siren_sweep__+0dB,NON_STATIONARY,SPEECH_LEAKAGE,HYBRID_PROTECTED,3.28,4.91,0.724,1.03,False
SPK_010__tactical_siren_sweep__+0dB,NON_STATIONARY,SPEECH_LEAKAGE,NLMS_ONLY,6.68,5.64,0.724,1.03,False
SPK_010__tactical_siren_sweep__+0dB,NON_STATIONARY,IMPULSIVE_SPIKE,AI_ONLY,1.61,-1.92,0.665,1.02,True
SPK_010__tactical_siren_sweep__+0dB,NON_STATIONARY,IMPULSIVE_SPIKE,HYBRID_PROTECTED,4.43,7.25,0.708,1.04,True
SPK_010__tactical_siren_sweep__+0dB,NON_STATIONARY,IMPULSIVE_SPIKE,NLMS_ONLY,0.99,0.99,0.666,1.03,True
SPK_010__tank_engine_heldout_rec__+10dB,STATIONARY,MATCHED_REFERENCE,AI_ONLY,-5.44,8.82,0.786,1.05,True
SPK_010__tank_engine_heldout_rec__+10dB,STATIONARY,MATCHED_REFERENCE,HYBRID_PROTECTED,-6.06,9.99,0.789,1.06,True
SPK_010__tank_engine_heldout_rec__+10dB,STATIONARY,MATCHED_REFERENCE,NLMS_ONLY,1.13,11.24,0.79,1.08,True
SPK_010__tank_engine_heldout_rec__+10dB,STATIONARY,SPEECH_LEAKAGE,AI_ONLY,-5.44,8.82,0.786,1.05,False
SPK_010__tank_engine_heldout_rec__+10dB,STATIONARY,SPEECH_LEAKAGE,HYBRID_PROTECTED,-7.38,5.04,0.781,1.04,False
SPK_010__tank_engine_heldout_rec__+10dB,STATIONARY,SPEECH_LEAKAGE,NLMS_ONLY,-4.2,5.47,0.781,1.04,False
SPK_010__tank_engine_heldout_rec__+10dB,STATIONARY,IMPULSIVE_SPIKE,AI_ONLY,-8.22,1.82,0.712,1.04,True
SPK_010__tank_engine_heldout_rec__+10dB,STATIONARY,IMPULSIVE_SPIKE,HYBRID_PROTECTED,-6.25,6.17,0.738,1.05,True
SPK_010__tank_engine_heldout_rec__+10dB,STATIONARY,IMPULSIVE_SPIKE,NLMS_ONLY,-8.71,0.06,0.707,1.05,True
SPK_010__helicopter_rotor_heldout_rec__-10dB,PERIODIC_ROTOR,MATCHED_REFERENCE,AI_ONLY,7.77,-8.75,0.623,1.01,True
SPK_010__helicopter_rotor_heldout_rec__-10dB,PERIODIC_ROTOR,MATCHED_REFERENCE,HYBRID_PROTECTED,13.19,1.22,0.638,1.02,True
SPK_010__helicopter_rotor_heldout_rec__-10dB,PERIODIC_ROTOR,MATCHED_REFERENCE,NLMS_ONLY,10.97,0.36,0.605,1.02,True
SPK_010__helicopter_rotor_heldout_rec__-10dB,PERIODIC_ROTOR,SPEECH_LEAKAGE,AI_ONLY,7.77,-8.75,0.623,1.01,True
SPK_010__helicopter_rotor_heldout_rec__-10dB,PERIODIC_ROTOR,SPEECH_LEAKAGE,HYBRID_PROTECTED,12.41,-0.5,0.63,1.02,True
SPK_010__helicopter_rotor_heldout_rec__-10dB,PERIODIC_ROTOR,SPEECH_LEAKAGE,NLMS_ONLY,10.53,-1.96,0.593,1.02,True
SPK_010__helicopter_rotor_heldout_rec__-10dB,PERIODIC_ROTOR,IMPULSIVE_SPIKE,AI_ONLY,9.94,-8.94,0.583,1.01,True
SPK_010__helicopter_rotor_heldout_rec__-10dB,PERIODIC_ROTOR,IMPULSIVE_SPIKE,HYBRID_PROTECTED,13.15,1.02,0.62,1.02,True
SPK_010__helicopter_rotor_heldout_rec__-10dB,PERIODIC_ROTOR,IMPULSIVE_SPIKE,NLMS_ONLY,8.39,-2.19,0.563,1.02,True
SPK_010__gunfire_transient_insas__+10dB,IMPULSIVE_DEFENCE,MATCHED_REFERENCE,AI_ONLY,-5.43,9.01,0.869,1.84,False
SPK_010__gunfire_transient_insas__+10dB,IMPULSIVE_DEFENCE,MATCHED_REFERENCE,HYBRID_PROTECTED,-5.22,13.83,0.865,1.81,False
SPK_010__gunfire_transient_insas__+10dB,IMPULSIVE_DEFENCE,MATCHED_REFERENCE,NLMS_ONLY,5.0,15.04,0.866,1.91,False
SPK_010__gunfire_transient_insas__+10dB,IMPULSIVE_DEFENCE,SPEECH_LEAKAGE,AI_ONLY,-5.43,9.01,0.869,1.84,False
SPK_010__gunfire_transient_insas__+10dB,IMPULSIVE_DEFENCE,SPEECH_LEAKAGE,HYBRID_PROTECTED,-7.33,5.84,0.852,1.74,False
SPK_010__gunfire_transient_insas__+10dB,IMPULSIVE_DEFENCE,SPEECH_LEAKAGE,NLMS_ONLY,-3.87,6.27,0.852,1.8,False
SPK_010__gunfire_transient_insas__+10dB,IMPULSIVE_DEFENCE,IMPULSIVE_SPIKE,AI_ONLY,-8.24,1.79,0.779,1.53,True
SPK_010__gunfire_transient_insas__+10dB,IMPULSIVE_DEFENCE,IMPULSIVE_SPIKE,HYBRID_PROTECTED,-5.29,11.55,0.818,1.65,True
SPK_010__gunfire_transient_insas__+10dB,IMPULSIVE_DEFENCE,IMPULSIVE_SPIKE,NLMS_ONLY,-8.34,1.68,0.776,1.5,True
SPK_010__artillery_blast_dhanush__-10dB,IMPULSIVE_DEFENCE,MATCHED_REFERENCE,AI_ONLY,12.72,-0.42,0.826,2.17,True
SPK_010__artillery_blast_dhanush__-10dB,IMPULSIVE_DEFENCE,MATCHED_REFERENCE,HYBRID_PROTECTED,14.67,11.04,0.833,2.29,True
SPK_010__artillery_blast_dhanush__-10dB,IMPULSIVE_DEFENCE,MATCHED_REFERENCE,NLMS_ONLY,21.03,11.01,0.82,2.37,True
SPK_010__artillery_blast_dhanush__-10dB,IMPULSIVE_DEFENCE,SPEECH_LEAKAGE,AI_ONLY,12.72,-0.42,0.826,2.17,False
SPK_010__artillery_blast_dhanush__-10dB,IMPULSIVE_DEFENCE,SPEECH_LEAKAGE,HYBRID_PROTECTED,12.57,4.13,0.806,2.29,False
SPK_010__artillery_blast_dhanush__-10dB,IMPULSIVE_DEFENCE,SPEECH_LEAKAGE,NLMS_ONLY,15.27,4.21,0.803,2.42,False
SPK_010__artillery_blast_dhanush__-10dB,IMPULSIVE_DEFENCE,IMPULSIVE_SPIKE,AI_ONLY,11.72,-1.92,0.797,1.88,True
SPK_010__artillery_blast_dhanush__-10dB,IMPULSIVE_DEFENCE,IMPULSIVE_SPIKE,HYBRID_PROTECTED,14.6,9.67,0.82,2.24,True
SPK_010__artillery_blast_dhanush__-10dB,IMPULSIVE_DEFENCE,IMPULSIVE_SPIKE,NLMS_ONLY,14.2,4.18,0.781,2.16,True
